house,time,rooms amount,squares,price
1,0.2,4,0.28495231937934384,0.10988555940370426
1,0.044444444444444446,4,0.3574268627767901,0.16258846559253123
1,0.2,2,0.07483433004687248,0.05157356196355971
1,0.1111111111111111,2,0.10004848876676903,0.06851377804547508
1,0.2,3,0.19928883142072087,0.09860757039602469
1,0.24444444444444444,0,0.029998383707774367,0.009411233248004818
1,0.08888888888888889,0,0.041538710198803945,0.02275029363047734
1,0.2222222222222222,0,0.02666882172296752,0.005646739948802891
1,0.08888888888888889,2,0.06319702602230483,0.030446871706068364
1,0.3333333333333333,2,0.07460804913528367,0.0259750037644933
1,0.08888888888888889,3,0.14013253596250205,0.050231456106008134
1,0.15555555555555556,0,0.023824147405850978,0.010540581237765396
1,0.2222222222222222,2,0.12106028770001616,0.10289428549917182
1,0.044444444444444446,2,0.08226927428479068,0.051385333534106306
1,0.08888888888888889,4,0.23678681105543886,0.08574940144556542
1,0.2222222222222222,0,0.023985776628414418,0.005270290618882698
1,0.28888888888888886,0,0.07030871181509618,0.054760401294985696
1,0.13333333333333333,3,0.15047680620656215,0.051385333534106306
1,0.28888888888888886,2,0.10231129788265719,0.06023189278723084
1,0.17777777777777778,2,0.06833683529982222,0.010917030567685589
1,0.3333333333333333,0,0.05479230644900597,0.027789745520252974
1,0.2222222222222222,0,0.024341360918053986,0.006399638608643276
2,0.1111111111111111,1,0.04451268789397124,0.016300252221051047
1,0.26666666666666666,0,0.031194439954743823,0.005627917482306882
2,0.1111111111111111,1,0.03701309196702764,0.02333985845505195
1,0.2222222222222222,4,0.132988524325198,0.04005420870350851
1,0.1111111111111111,0,0.050751575884920005,0.02394217361843096
1,0.3111111111111111,2,0.06801357685469533,0.028120764945038398
1,0.2,2,0.11847422013900114,0.07976961301008884
1,0.13333333333333333,3,0.16308388556651043,0.05232269236560759
1,0.3333333333333333,2,0.06642961047357362,0.03180996837825629
2,0.17777777777777778,1,0.013253596250202037,0.01449329920192742
1,0.24444444444444444,3,0.2021981574268628,0.17279024243336846
1,0.08888888888888889,3,0.08679489251656701,0.03237464237313658
1,0.2222222222222222,2,0.0737029254889284,0.046203508507754856
1,0.37777777777777777,3,0.1404557944076289,0.04780906489986448
1,0.3111111111111111,2,0.1145627929529659,0.0636155285348592
1,0.7333333333333333,3,0.1479553903345725,0.03462957385935853
1,0.28888888888888886,3,0.20801680943914666,0.08545399789188375
2,,9,0.14708259253272993,0.019575361391356724
1,0.3333333333333333,3,0.12623242282204622,0.05054401069116097
1,0.2222222222222222,3,0.1711653466946824,0.06663153139587412
1,0.26666666666666666,4,0.3790205269112656,0.2410108304472218
1,0.28888888888888886,0,0.046937126232422834,0.01694021984640867
1,0.28888888888888886,5,0.36027153709390664,0.2171981328113236
1,0.4444444444444444,5,0.22382414740585102,0.0779250112934799
1,0.17777777777777778,2,0.07696783578470986,0.050038706520102394
1,0.3333333333333333,3,0.16162922256343948,0.04592681825026351
1,0.2222222222222222,5,0.2778406335865525,0.1699292237614817
1,0.28888888888888886,2,0.05754000323258445,0.02221051046529137
1,0.08888888888888889,0,0.017294326814288025,0.020917523716307784
1,0.13333333333333333,2,0.07176337481816712,0.01599909652160819
2,0.6,1,0.03145304671084532,0.023918848817949104
1,0.08888888888888889,3,0.13722320995636011,0.026727898659840387
1,0.1111111111111111,2,0.07001777921448198,0.03196054434573106
1,0.2,2,0.057055115564894135,0.014380364402951363
1,0.13333333333333333,0,0.03371585582673348,0.020064745520252975
1,0.4,3,0.12041377080976241,0.035009783918084625
2,0.1111111111111111,7,0.09843219654113464,0.030341812227074237
1,0.1111111111111111,3,0.16437691934701795,0.0830070772474025
1,0.28888888888888886,4,0.295296589623404,0.14510769462430356
2,0.15555555555555556,1,0.022660417003394214,0.0005646739948802891
1,0.1111111111111111,0,0.031840956844997576,0.01362995407318175
1,0.4,2,0.060287700016162925,0.013928625207047131
2,0.15555555555555556,1,0.05996444157103604,0.02221051046529137
1,0.2,2,0.08139647648294812,0.019575361391356724
1,0.3333333333333333,4,0.22838209148214,0.07231970712242132
1,0.5555555555555556,3,0.14595118797478585,0.035386237012498115
1,0.26666666666666666,5,0.7721027961855504,0.8590573708778798
2,0.1111111111111111,9,0.21383546145143045,0.06471163981328114
2,0.6,7,0.07868110554388233,0.034799408974552026
1,0.4444444444444444,3,0.12264425408113788,0.03681674446619485
1,0.2,0,0.045999676741554876,0.04345598554434573
2,0.1111111111111111,7,0.0726361726200097,0.011669929227525975
1,0.2222222222222222,3,0.14013253596250205,0.060907694624303566
1,0.2,2,0.05640859867464037,0.010917030567685589
1,0.2222222222222222,4,0.20197187651527398,0.08316998193043217
1,0.37777777777777777,2,0.10046872474543397,0.041748230688149375
1,0.3111111111111111,4,0.25676418296428,0.12246058199066405
1,0.2222222222222222,0,0.02822046225957653,0.002973949706369523
1,0.1111111111111111,5,0.42802650719250046,0.1624777894895347
1,0.2222222222222222,0,0.024050428317439795,0.003952717964162024
1,0.0,4,0.3324713108129951,0.17961177909953321
1,0.1111111111111111,4,0.3260707935994828,0.0779250112934799
1,0.13333333333333333,2,0.0748020042023598,0.028685435175425388
2,0.6,1,0.035720058186520125,0.014681520102394218
1,0.13333333333333333,0,0.03665750767738808,0.032316115795813886
1,0.13333333333333333,0,0.024502990140617426,0.009750037644932992
1,0.08888888888888889,2,0.08065298205915629,0.04152318927872308
1,0.3333333333333333,2,0.070534992726685,0.01449329920192742
1,0.3111111111111111,3,0.2307742039760789,0.10114165035386237
1,0.2,2,0.061903992241797316,0.015321487727751845
1,0.1111111111111111,2,0.07615968967189267,0.04947050519500075
1,0.1111111111111111,3,0.14944237918215614,0.036515585002258696
1,0.37777777777777777,2,0.1570712784871505,0.10056286703809668
1,0.3333333333333333,3,0.06933893647971552,0.015773226923656077
1,0.24444444444444444,5,0.3034103765960886,0.14371587486824272
1,0.4666666666666667,3,0.1389688055600453,0.04592681825026351
2,0.2,1,0.045967350897042195,0.014935830447221804
1,0.15555555555555556,3,0.16722159366413447,0.04543743412136726
1,0.26666666666666666,0,0.057927913366736715,0.043717678060533054
1,0.2,0,0.02117342815581057,0.010164131907845203
1,0.17777777777777778,3,0.11727816389203169,0.0895033315765698
1,,2,0.0577016324551479,0.026916127089293782
1,0.17777777777777778,4,0.1981251010182641,0.1284368656828791
1,0.4444444444444444,3,0.1930499434297721,0.05834964613762988
1,0.0,3,0.41328592209471476,0.22253103824725193
1,0.08888888888888889,2,0.06940358816874091,0.05082065953922602
1,0.15555555555555556,5,0.33919508647163416,0.3038220599307333
1,1.0,2,0.08572813964764829,0.030492395723535612
1,0.1111111111111111,4,0.20882495555196384,0.06772323068814938
1,0.08888888888888889,3,0.14902214320349122,0.041785875621141395
1,0.15555555555555556,5,0.33919508647163416,0.3038220599307333
1,0.4444444444444444,4,0.20058186520122842,0.041785875621141395
1,0.1111111111111111,4,0.20882495555196384,0.06772323068814938
2,0.044444444444444446,1,0.051850654598351385,0.01656377051648848
1,0.2,2,0.08808792629707451,0.07813697108869146
1,0.15555555555555556,0,0.028705349927266855,0.012611052552326456
1,0.4444444444444444,0,0.029254889283982545,0.008629076946243036
2,,7,0.06613867787295945,0.036515585002258696
2,,1,0.020850169710683698,0.022501430507453696
1,0.2222222222222222,0,0.01664780992403427,0.002635145309441349
1,0.1111111111111111,0,0.04735736221108777,0.03389361541936455
1,0.24444444444444444,2,0.043801519314692096,0.02898659840385484
1,0.2222222222222222,3,0.13712623242282207,0.04573858982081012
2,0.37777777777777777,1,0.02634556327784064,0.003162174371329619
1,0.2,2,0.08097624050428318,0.05033685438939919
1,0.4,3,0.16550832390496203,0.10510465291371782
1,0.17777777777777778,2,0.09144981412639407,0.05878334588164433
1,0.2222222222222222,2,0.08133182479392274,0.023716307784972142
1,0.26666666666666666,4,1.0,0.7348290920042162
2,0.06666666666666667,1,0.051850654598351385,0.018822466496009636
2,0.4222222222222222,1,0.014481978341684174,0.018407705917783467
1,0.5555555555555556,2,0.06920963310166478,0.02744315615118205
1,0.2,0,0.050202036528204305,0.01949631079656678
2,0.4222222222222222,1,0.024793922741231617,0.007528986598403855
2,0.0,8,0.09005980281234847,0.027405507453696732
1,0.26666666666666666,0,0.01567803458865363,0.0024469206444812527
1,0.37777777777777777,0,0.05479230644900597,0.038874032525222105
1,0.3333333333333333,2,0.13108129949894942,0.06851377804547508
1,0.08888888888888889,4,0.21286568611604983,0.07304660066255082
1,0.4444444444444444,0,0.017617585259414908,0.005646739948802891
1,0.17777777777777778,2,0.13851624373686763,0.08601867188676404
1,0.28888888888888886,3,0.23064490059802817,0.07604276464387894
1,0.08888888888888889,5,0.3127525456602554,0.09336305526276163
1,0.4,2,0.05808954258930015,0.0394518897756362
1,0.13333333333333333,5,0.29335703895264265,0.10871856271645837
1,0.2222222222222222,0,0.02634556327784064,0.010164131907845203
1,0.3111111111111111,5,0.4191045741069986,0.12648761858153892
1,0.15555555555555556,0,0.017294326814288025,0.002898659840385484
1,0.26666666666666666,5,0.3916276062712139,0.16334077322692367
1,0.2222222222222222,3,0.1404557944076289,0.02898659840385484
1,0.4,0,0.03756263132374334,0.01874944661948502
1,0.2222222222222222,0,0.033457249070631974,0.007905435928324048
2,0.24444444444444444,1,0.018587360594795547,0.023488932389700345
1,0.13333333333333333,5,0.3184095684499758,0.06437283541635296
1,0.1111111111111111,2,0.11362534346209796,0.027473272097575666
2,0.13333333333333333,8,0.07913366736705996,0.05322466496009637
1,0.1111111111111111,4,0.14110231129788267,0.03548099307333233
1,0.24444444444444444,3,0.11362534346209796,0.04404457160066255
1,0.13333333333333333,3,0.10751575884919994,0.041597647191688
2,0.08888888888888889,8,0.14404396314853726,0.04404457160066255
1,0.13333333333333333,2,0.0653951834491676,0.04201645083571751
2,0.13333333333333333,1,0.04283174397931147,0.04039865984038549
1,0.13333333333333333,2,0.08065298205915629,0.050157431109772624
1,0.28888888888888886,4,0.20155164053660904,0.0466797169101039
1,0.08888888888888889,3,0.13560691773072572,0.06112758620689655
1,0.15555555555555556,4,0.18774850492969133,0.03990362897154043
2,0.6,8,0.12594149022143206,0.06311989911157959
2,0.08888888888888889,8,0.19088411184742204,0.05900843246499021
1,0.13333333333333333,4,0.16838532406659124,0.06320583872910707
1,0.24444444444444444,2,0.07024406012607079,0.03143351904833609
1,0.2,5,0.2869565217391305,0.07917015509712393
1,0.3333333333333333,4,0.30224664619363184,0.10201776840837223
1,0.13333333333333333,4,0.378050751575885,0.11090197259448878
2,0.3111111111111111,1,0.03300468724745434,0.019481252823369974
1,0.37777777777777777,4,0.23074187813156624,0.11424258394820057
1,0.17777777777777778,2,0.07085825117181188,0.016375545851528384
1,0.37777777777777777,5,0.40985938257636984,0.1457169101039
1,0.13333333333333333,0,0.014385000808146118,0.0026313808161421474
1,0.28888888888888886,0,0.03491191207370293,0.009574329920192743
2,0.4,1,0.0,0.0036139135672338504
2,,1,0.032325844512687905,0.01015782638156904
1,0.6444444444444445,2,0.06882172296751253,0.01957536515585002
1,0.4,0,0.04671084532083401,0.01479532826381569
1,0.1111111111111111,2,0.0683691611443349,0.014643878933895498
1,0.1111111111111111,3,0.10619039922417975,0.02717710811624755
1,0.4666666666666667,3,0.10392759010829158,0.04517391959042313
1,0.24444444444444444,2,0.15044448036204947,0.06270261255834965
1,0.2,3,0.12642637788912237,0.035009787682577925
1,0.1111111111111111,4,0.24829481170195575,0.10310430658033429
1,0.13333333333333333,0,0.040213350573783745,0.013138081614214727
1,0.37777777777777777,3,0.2027153709390658,0.10627616322842945
1,0.4444444444444444,3,0.14110231129788267,0.028233699744014455
1,0.15555555555555556,4,0.24380151931469213,0.11229116473422678
1,,2,0.09487635364473898,0.02484565577473272
1,0.15555555555555556,4,0.24380151931469213,0.11229116473422678
1,0.28888888888888886,2,0.07030871181509618,0.031621743713296194
1,0.3111111111111111,5,0.3227735574591887,0.11857526351453095
1,,2,0.07965088087926298,0.03068062038849571
1,0.4,5,0.4306772264425409,0.14266992922752597
1,0.4,3,0.12047842249878778,0.03463333835265773
1,0.17777777777777778,5,0.4627444641991273,0.16940219846408675
1,0.1111111111111111,2,0.07341199288831422,0.04969131154946544
1,0.2222222222222222,0,0.039146597704865047,0.014305074536967324
1,0.2222222222222222,3,0.09422983675448522,0.030492395723535612
1,0.15555555555555556,0,0.028673024082754163,0.014870143803644029
1,0.4444444444444444,2,0.0774203976078875,0.03293931636801686
1,0.37777777777777777,0,0.02414740585097786,0.017906102243638006
1,,2,0.04874737352513335,0.01298750188224665
2,0.24444444444444444,1,0.040568934863423306,0.019127390453244995
1,0.15555555555555556,0,0.028834653305317603,0.006023189278723084
1,0.28888888888888886,5,0.21390011314045582,0.041906026953772026
1,0.13333333333333333,0,0.030903507354129632,0.013175726547206746
1,0.13333333333333333,3,0.1960562469694521,0.061060081313055264
2,0.4666666666666667,1,0.02877000161629223,0.007152537268483662
1,0.4,5,0.3625343462097948,0.06766858530341816
1,0.17777777777777778,0,0.02948117019557136,0.00828188525824424
1,0.1111111111111111,3,0.1455632778406336,0.07107125432916729
1,0.24444444444444444,0,0.04331663164700179,0.011293479897605782
1,0.15555555555555556,2,0.0795862291902376,0.07945199894594188
1,0.6,3,0.13589785033133991,0.06286327360337299
1,0.15555555555555556,3,0.22094714724422182,0.09947982231591627
1,0.3111111111111111,0,0.032810732180378215,0.006023189278723084
1,0.2,3,0.1637304024567642,0.07281238894744767
1,0.4222222222222222,2,0.11478907386455471,0.04212468001806957
1,0.1111111111111111,4,0.2994989494100534,0.07566631531395875
1,0.37777777777777777,4,0.20682075319217716,0.06384580635446468
1,0.26666666666666666,2,0.12558590593179247,0.07651753124529438
1,0.5555555555555556,3,0.3082269274284791,0.06595392260201777
1,0.17777777777777778,3,0.14918377242605466,0.08188525824424032
2,0.4222222222222222,1,0.003943753030547926,0.006964312603523566
1,0.2222222222222222,5,0.35655406497494757,0.08563092907694625
1,0.4666666666666667,2,0.06319702602230483,0.029739497063695226
1,0.28888888888888886,0,0.041797316954905454,0.007830142297846709
1,0.1111111111111111,2,0.050460643284305814,0.04818551422978467
1,0.15555555555555556,0,0.017294326814288025,0.00779910405059479
1,0.4666666666666667,0,0.021529012445450146,0.020667068212618583
1,,0,0.02822046225957653,0.011481855142297846
1,0.35555555555555557,2,0.05479230644900597,0.04291522361090197
2,0.2,7,0.07628899304994344,0.01900191989158259
1,0.15555555555555556,2,0.1097785679650881,0.04442102093058274
1,0.17777777777777778,2,0.082236948440278,0.02502315916277669
1,0.2222222222222222,2,0.07076127363827381,0.023151633790091854
1,0.13333333333333333,2,0.06057863261677713,0.027819601716608945
2,0.06666666666666667,1,0.05220623888799095,0.021081162475530792
1,,4,0.2340391142718604,0.03526087938563469
1,0.06666666666666667,4,0.22159366413447557,0.09834926968829996
1,0.13333333333333333,3,0.12325844512687893,0.058663714049088996
1,0.044444444444444446,4,0.35994827864877976,0.18099683782562867
1,,2,0.3779214481978342,0.06069867489835868
1,0.4444444444444444,3,0.12170680459026993,0.027857250414094262
1,0.13333333333333333,2,0.06057863261677713,0.027819601716608945
1,0.3111111111111111,3,0.12477775981897529,0.04780906489986448
1,,4,0.2340391142718604,0.03526087938563469
1,0.13333333333333333,2,0.05640859867464037,0.01618732118656829
1,0.13333333333333333,3,0.12325844512687893,0.058663714049088996
1,0.044444444444444446,2,0.09940197187651528,0.053832254178587564
1,,2,0.3779214481978342,0.06069867489835868
2,0.4,1,0.02634556327784064,0.0
1,0.17777777777777778,4,0.2247292710522063,0.0625721841590122
1,0.35555555555555557,2,0.07299175690964926,0.02484565577473272
1,0.24444444444444444,4,0.20863100048488772,0.08904963107965667
1,0.6444444444444445,0,0.01470825925327299,0.012799277217286553
2,0.1111111111111111,9,0.27072894779376117,0.11319078452040356
1,0.15555555555555556,2,0.08401486988847585,0.022963409125131756
1,0.26666666666666666,4,0.3125262647486666,0.17266868694473725
2,0.3111111111111111,1,0.012930337805075165,0.009034783918084625
1,0.3333333333333333,0,0.02789720381444966,0.006023411383827737
1,0.17777777777777778,3,0.1297882657184419,0.030492395723535612
1,0.17777777777777778,0,0.013803135606917736,0.007644978165938864
1,,3,0.12623242282204622,0.01656377051648848
2,0.26666666666666666,1,0.06390819460158396,0.012179506098479145
1,0.4222222222222222,0,0.03646355261031194,0.030492395723535612
1,0.4444444444444444,2,0.08453208340067885,0.020313902273753952
1,0.2222222222222222,2,0.06125747535154355,0.007528986598403855
1,0.15555555555555556,2,0.0883788588976887,0.026786489233549163
2,0.4222222222222222,7,0.07974785841280105,0.007905435928324048
1,0.08888888888888889,2,0.0667528689187005,0.02785820283089896
1,0.2222222222222222,3,0.1463714239534508,0.03169703357928023
1,0.17777777777777778,3,0.16867625666720545,0.0430608304472218
1,0.26666666666666666,2,0.0683691611443349,0.010164131907845203
2,0.1111111111111111,8,0.20316793276224343,0.04367602770667068
1,0.13333333333333333,3,0.05737837401002102,0.009031019424785423
1,0.24444444444444444,2,0.0961693874252465,0.046115750639963864
1,,3,0.1362534346209795,0.03056768558951965
2,,7,0.10263455632778408,0.05267760879385635
1,0.4666666666666667,2,0.03016001293033781,0.021081162475530792
1,0.044444444444444446,2,0.08446743171165347,0.06215479596446318
1,0.2,3,0.12998222078551805,0.03463333835265773
1,0.24444444444444444,3,0.15758849199935349,0.06439751166992923
1,0.37777777777777777,3,0.13079036689833523,0.035386237012498115
1,0.13333333333333333,4,0.24612898011960566,0.06697033202830899
1,0.24444444444444444,2,0.07942459996767416,0.020328263815690407
1,0.37777777777777777,2,0.11200905123646356,0.07026995934347237
1,0.3333333333333333,2,0.05511556489413286,0.00828188525824424
1,0.15555555555555556,4,0.24706642961047362,0.08012754103297696
1,0.4,4,0.1711653466946824,0.04592681825026351
1,0.26666666666666666,3,0.18467754970098596,0.0844957800030116
1,0.15555555555555556,2,0.07483433004687248,0.015434422526727902
1,0.28888888888888886,4,0.22514950703087122,0.10845951287456708
1,0.17777777777777778,3,0.12885081622757397,0.029814786929679263
1,0.15555555555555556,3,0.21260707935994833,0.11233187020027105
1,0.5111111111111111,4,0.19789882010667528,0.06813732871555489
2,,9,0.3525133344108616,0.25417369372082516
1,0.2222222222222222,3,0.12009051236463554,0.03011594639361542
1,0.26666666666666666,0,0.03652820429933732,0.008847330974250866
1,,2,0.05640859867464037,0.01505797319680771
1,0.4444444444444444,4,0.19896557297559403,0.05106046529137178
1,0.4666666666666667,0,0.028931630838855672,0.015810871856648097
1,0.15555555555555556,3,0.17038952642637792,0.05175806730914019
1,0.3333333333333333,2,0.05556812671731049,0.023302213522059932
2,0.4222222222222222,7,0.07654759980604495,0.05169193645535311
1,0.2222222222222222,3,0.18150961693874254,0.0722745068513778
2,,8,0.097462421205754,0.05761782864026502
1,0.044444444444444446,4,0.297882657184419,0.13062791748230687
1,0.26666666666666666,4,0.21393243898496853,0.05938977563619937
1,0.24444444444444444,4,0.2914174882818814,0.08733624454148471
1,0.13333333333333333,3,0.22805883303701316,0.07355819530191236
2,,1,0.031194439954743823,0.004893841288962505
1,0.08888888888888889,4,0.2021981574268628,0.0766075515735582
1,0.17777777777777778,3,0.16415063843542912,0.08150127992772173
1,0.3111111111111111,4,0.29691288184903836,0.09806597274506851
1,0.37777777777777777,2,0.07001777921448198,0.0207047131456106
1,0.26666666666666666,3,0.12991756909649266,0.037798561963559706
1,0.3333333333333333,0,0.014223371585582676,0.004893841288962505
1,0.4444444444444444,3,0.1731048973654437,0.03756483963258545
1,0.24444444444444444,2,0.066494262162599,0.013552175877126938
1,0.2,4,0.2105382253111363,0.052992772172865535
1,0.06666666666666667,0,0.02679812510101827,0.016375545851528384
1,0.24444444444444444,3,0.16663972846290612,0.05797480048185514
2,0.4444444444444444,1,0.03976078875060611,0.002635145309441349
1,0.08888888888888889,3,0.19088411184742204,0.058539188375244695
1,0.5111111111111111,4,0.14860190722482627,0.05797319680770968
1,0.3111111111111111,4,0.17937611120090516,0.07151760653516037
1,0.26666666666666666,3,0.15564894132859222,0.06719620539075441
1,0.28888888888888886,2,0.05944722805883305,0.012789640114440596
1,0.1111111111111111,0,0.044771294650072735,0.017693118506249057
2,0.24444444444444444,8,0.061903992241797316,0.04214914922451438
1,0.3333333333333333,0,0.035493777274931304,0.0052326456858906795
1,0.15555555555555556,3,0.16880556004525618,0.04399854690558651
1,0.5111111111111111,0,0.015063843542912566,0.009411233248004818
1,0.3111111111111111,3,0.13020850169710685,0.056072059930733324
1,0.2222222222222222,2,0.06901567803458866,0.010728805902725493
1,0.17777777777777778,4,0.21655083239049625,0.07422041861165488
1,0.08888888888888889,2,0.07179570066267982,0.027104351754253877
1,0.37777777777777777,3,0.18474220139001132,0.08304807257943081
1,0.37777777777777777,0,0.008566348795862294,0.0014681523866887517
1,0.08888888888888889,4,0.29885243251979965,0.09467948727601265
1,0.35555555555555557,2,0.058865362857604665,0.005270290618882698
2,0.4222222222222222,8,0.1431065136576693,0.09622650956181299
1,0.24444444444444444,2,0.05711976725391952,0.026294985694925464
1,0.37777777777777777,4,0.2584451268789397,0.10099984942026803
2,0.06666666666666667,1,0.035073541296266365,0.004893841288962505
1,0.28888888888888886,3,0.06762566672054308,0.01407056919138684
1,0.13333333333333333,2,0.09778567965088089,0.03802138232193947
1,0.15555555555555556,2,0.05191530628737677,0.015335540581237766
2,0.4666666666666667,1,0.048003879101341525,0.004893841288962505
1,0.24444444444444444,2,0.05983513819298529,0.01669887065201024
1,0.08888888888888889,0,0.05608534022951351,0.021834061135371178
1,0.3333333333333333,2,0.08194601583966382,0.01750547357325704
1,0.2222222222222222,4,0.2481008566348796,0.06851377804547508
1,,2,0.05430741878131566,0.018822906941725642
1,0.15555555555555556,3,0.18409568449975755,0.05608718566480952
1,0.3333333333333333,2,0.08194601583966382,0.01750547357325704
1,0.3333333333333333,3,0.1588491999353483,0.04400692666767053
1,,2,0.05430741878131566,0.018822906941725642
1,0.2222222222222222,2,0.07321803782123808,0.015810796566782113
1,0.4,2,0.07968320672377566,0.021036812979972896
1,0.022222222222222223,2,0.058671407790528526,0.026163228429453397
1,0.17777777777777778,3,0.137546468401487,0.02351362746574311
1,0.1111111111111111,0,0.032810732180378215,0.01656377051648848
1,0.28888888888888886,4,0.13311782770324876,0.02432492094564072
1,0.4,2,0.057055115564894135,0.015773226923656077
1,0.3333333333333333,3,0.11782770324874738,0.025411334889323896
1,0.13333333333333333,0,0.04551478907386456,0.007604276464387894
1,0.2222222222222222,2,0.0878616453854857,0.025591025447974702
1,0.2222222222222222,0,0.015063843542912566,0.010164131907845203
1,0.35555555555555557,3,0.1164376919347018,0.025599728956482458
1,0.4444444444444444,5,0.31081299498949416,0.10427646438789338
1,0.3333333333333333,2,0.06584774527234524,0.026350169402198465
1,0.17777777777777778,0,0.01794084370454178,0.007340761933443758
1,0.17777777777777778,4,0.1511556489413286,0.030234640867339256
1,0.13333333333333333,2,0.08482301600129305,0.02333985845505195
1,0.15555555555555556,3,0.1190884111847422,0.029934264418009338
1,0.35555555555555557,2,0.061903992241797316,0.02748080108417407
1,0.1111111111111111,2,0.10366898335219009,0.03073449028760729
2,0.13333333333333333,1,0.020106675286891876,0.01456858906791146
1,0.13333333333333333,2,0.0825278810408922,0.03105820283089896
1,0.26666666666666666,2,0.09326006141910459,0.03576268634241831
1,0.24444444444444444,2,0.11588815257798611,0.03514154494804999
1,0.5111111111111111,2,0.07774365605301438,0.036376298750188225
1,0.24444444444444444,2,0.11588815257798611,0.03514154494804999
1,0.4,0,0.029287215128495237,0.006587863273603373
1,0.4,3,0.15694197510909977,0.0359202830898961
1,0.15555555555555556,3,0.21124939389041544,0.05909878030417106
1,0.2222222222222222,3,0.12749313075804106,0.03831124830597801
1,0.4,0,0.032196541134637144,0.00828188525824424
1,0.4,3,0.10890577016324551,0.03981252823369975
2,0.1111111111111111,7,0.07312106028770002,0.011255834964613763
1,0.15555555555555556,3,0.11786002909326007,0.04178654946544195
1,0.28888888888888886,3,0.1572652335542266,0.030492395723535612
1,0.24444444444444444,4,0.1973816065944723,0.04646736184309592
1,0.5111111111111111,0,0.02634556327784064,0.006399638608643276
1,0.4,4,0.2542427670922903,0.04804201174521909
1,0.15555555555555556,3,0.1837724260546307,0.03896250564673995
1,0.17777777777777778,3,0.15914013253596251,0.04839744014455654
1,0.24444444444444444,0,0.022789720381444965,0.006964312603523566
1,0.37777777777777777,3,0.16340714401163733,0.04950459268182503
1,0.13333333333333333,0,0.024890900274769683,0.012008733624454149
1,0.3333333333333333,4,0.2862453531598514,0.05213830371931938
2,0.08888888888888889,7,0.08097624050428318,0.00978768257792501
1,0.08888888888888889,3,0.2500404073056409,0.05609095015810872
1,0.28888888888888886,0,0.041958946177468884,0.01242282788736636
1,0.2222222222222222,4,0.22576369807661228,0.05748381267881343
1,0.3333333333333333,3,0.1190884111847422,0.060984791447071224
1,,4,0.21868433812833366,0.05872710435175425
1,0.044444444444444446,2,0.08508162275739455,0.06851377804547508
1,0.4,4,0.18047518991433656,0.05986847613311248
1,0.2,0,0.028963956683368354,0.008846559253124529
1,0.044444444444444446,3,0.10580248909002749,0.03552483436229484
1,0.5555555555555556,3,0.14595118797478585,0.035386237012498115
1,0.08888888888888889,2,0.05828349765637628,0.03595099382623099
1,0.17777777777777778,3,0.09778567965088089,0.03699079957837675
1,0.13333333333333333,3,0.13185711976725392,0.036581237765396776
1,0.13333333333333333,3,0.13845159204784227,0.03693092907694624
1,0.13333333333333333,3,0.1137546468401487,0.0367042726998946
1,0.4444444444444444,3,0.12264425408113788,0.03681674446619485
1,0.1111111111111111,3,0.14944237918215614,0.036515585002258696
2,,7,0.06613867787295945,0.036515585002258696
1,0.13333333333333333,4,0.14659770486503962,0.03773607137479295
1,0.4222222222222222,2,0.10134152254727656,0.03802138232193947
1,0.4,2,0.06219492484241152,0.038775429152236106
1,0.4,2,0.05808954258930015,0.0394518897756362
1,0.4,3,0.11524163568773235,0.04015911760277067
1,0.0,3,0.13722320995636011,0.04011308537870802
2,0.13333333333333333,1,0.04283174397931147,0.04039865984038549
1,0.15555555555555556,4,0.18774850492969133,0.03990362897154043
1,0.1111111111111111,2,0.09364797155325684,0.040836056316819754
1,0.4,3,0.12839825440439634,0.041341665411835565
1,0.4666666666666667,4,0.19602392112493938,0.04167037720222858
1,0.37777777777777777,2,0.10046872474543397,0.041748230688149375
1,0.24444444444444444,2,0.06933893647971552,0.04197033579280229
1,0.28888888888888886,2,0.05899466623565541,0.041619439843397076
1,0.08888888888888889,3,0.14902214320349122,0.041785875621141395
1,0.4444444444444444,4,0.20058186520122842,0.041785875621141395
1,,3,0.11912073702925491,0.04235205164884807
2,0.4222222222222222,7,0.06869241958946178,0.042880402047884354
1,0.08888888888888889,3,0.14902214320349122,0.041785875621141395
1,0.4444444444444444,4,0.20058186520122842,0.041785875621141395
1,,3,0.11912073702925491,0.04235205164884807
2,0.4222222222222222,7,0.06869241958946178,0.042880402047884354
1,0.17777777777777778,0,0.1034103765960886,0.0429471502785725
2,0.08888888888888889,8,0.14404396314853726,0.04404457160066255
1,0.24444444444444444,3,0.11362534346209796,0.04404457160066255
1,0.2222222222222222,3,0.12322611928236625,0.0445339519650655
1,0.35555555555555557,3,0.1327299175690965,0.04479483511519349
1,0.13333333333333333,3,0.12678196217876192,0.0445339519650655
1,0.13333333333333333,3,0.1272021981574269,0.04502514681523867
1,0.15555555555555556,3,0.16722159366413447,0.04543743412136726
1,0.4666666666666667,3,0.1389688055600453,0.04592681825026351
1,0.3333333333333333,4,0.24131242928721516,0.04573999774130402
1,0.2,3,0.132988524325198,0.046642068212618584
1,0.13333333333333333,4,0.1875545498626152,0.04649329167294082
1,0.28888888888888886,4,0.20155164053660904,0.0466797169101039
1,0.3333333333333333,4,0.1423953450783902,0.047199755307935555
1,0.15555555555555556,3,0.14863423306933896,0.04715097123927119
1,0.35555555555555557,4,0.17074511071601747,0.0478717098328565
1,0.1111111111111111,3,0.1388395021819945,0.048184159012196956
1,0.2222222222222222,2,0.137546468401487,0.047670780003011594
2,0.1111111111111111,7,0.07224826248585746,0.04964124378858606
1,0.17777777777777778,4,0.1853887182802651,0.04940383601867189
1,0.2222222222222222,2,0.14401163730402458,0.049664308839030266
1,0.08888888888888889,3,0.12920640051721352,0.05100977262460473
1,0.4,4,0.20316793276224343,0.050667896401144406
1,0.08888888888888889,2,0.06940358816874091,0.05082065953922602
1,0.08888888888888889,4,0.20413770809762408,0.05259637102845957
2,0.13333333333333333,8,0.07913366736705996,0.05322466496009637
1,0.3333333333333333,4,0.22463229351866823,0.05412943080861316
1,0.3333333333333333,3,0.15015354776143527,0.054020968227676554
1,0.28888888888888886,3,0.16922579602392115,0.054033278120764944
1,0.2,4,0.15176983998706967,0.05616623625959946
1,0.2222222222222222,4,0.23420074349442382,0.05590530040656528
1,0.35555555555555557,2,0.08032972361402943,0.0563377126938714
1,0.4222222222222222,2,0.15080006465168905,0.05673326682728505
1,0.13333333333333333,4,0.27719411669629873,0.05643127164583647
1,0.13333333333333333,4,0.16276062712138356,0.05729423279626562
1,0.1111111111111111,4,0.18086310004848877,0.05690031621743713
1,0.3333333333333333,2,0.10457410699854536,0.05722138985092606
1,0.13333333333333333,5,0.2164215290124455,0.058219424785423884
1,0.2222222222222222,3,0.1316631647001778,0.05887449932239121
1,0.4444444444444444,3,0.1930499434297721,0.05834964613762988
2,0.08888888888888889,8,0.19088411184742204,0.05900843246499021
1,0.3333333333333333,3,0.1308550185873606,0.06060965216081916
1,0.1111111111111111,2,0.10231129788265719,0.060984791447071224
1,0.15555555555555556,2,0.08724745433974464,0.06130560156602921
1,0.13333333333333333,3,0.1287215128495232,0.06182999924710134
1,0.13333333333333333,4,0.20345886536285765,0.062452940069266674
1,0.28888888888888886,3,0.180216583158235,0.0634306392109622
1,0.3333333333333333,5,0.23064490059802817,0.06412630627917482
1,0.08888888888888889,4,0.21031194439954748,0.06418496837825628
2,0.1111111111111111,9,0.21383546145143045,0.06471163981328114
1,0.13333333333333333,5,0.3184095684499758,0.06437283541635296
1,0.15555555555555556,4,0.2021981574268628,0.06475178060533052
1,0.15555555555555556,4,0.2021981574268628,0.06475178060533052
1,0.15555555555555556,3,0.07780830774203977,0.0665523264568589
1,0.24444444444444444,3,0.14562792952965897,0.06689128143351905
1,0.4,2,0.14950703087118153,0.06723637253425689
1,,3,0.16004525618231777,0.06874692440897455
1,0.4222222222222222,2,0.10004848876676903,0.06894617903930131
1,0.3333333333333333,2,0.13108129949894942,0.06851377804547508
1,0.1111111111111111,5,0.3363504121545176,0.07251016413190785
1,0.3111111111111111,4,0.22741231614675939,0.07292064448125282
1,0.3333333333333333,3,0.17504444803620495,0.07378406866435777
1,0.1111111111111111,4,0.21577501212219172,0.07341514832103599
1,0.3333333333333333,3,0.1675125262647487,0.07347374642373136
1,0.26666666666666666,3,0.15109099725230324,0.0746608304472218
1,,2,0.16004525618231777,0.07503958364704111
1,0.4222222222222222,4,0.26588007111685796,0.07439768107212769
1,0.3333333333333333,2,0.1960562469694521,0.07585453997891883
2,0.1111111111111111,8,0.14142556974300954,0.07696130100888421
1,0.28888888888888886,3,0.23064490059802817,0.07604276464387894
1,0.1111111111111111,4,0.3260707935994828,0.0779250112934799
1,0.3111111111111111,4,0.2529497333117828,0.08017998042463484
1,,4,0.3078390172943269,0.08150310570697185
1,0.1111111111111111,3,0.16437691934701795,0.0830070772474025
1,0.2,3,0.18448359463390984,0.08675837223309743
1,0.17777777777777778,2,0.21254242767092293,0.08778858605631681
1,0.2,5,0.32978826571844194,0.0894372722481554
1,0.35555555555555557,3,0.17375141425569743,0.09085679867489836
1,0.1111111111111111,3,0.1773072571520931,0.09059629573859358
1,0.13333333333333333,2,0.10651365766930661,0.09196807709682277
1,0.1111111111111111,3,0.1773072571520931,0.09059629573859358
1,0.13333333333333333,2,0.10651365766930661,0.09196807709682277
1,0.24444444444444444,4,0.22967512526264755,0.09332178888721578
1,0.3333333333333333,4,0.23235817035720063,0.09517532374642373
1,0.1111111111111111,4,0.2396314853725554,0.09714140189730462
1,,4,0.2427994181347988,0.09735134768860111
1,0.4222222222222222,4,0.23711006950056576,0.09863119635597048
1,0.3333333333333333,4,0.23209956360109915,0.10164227525975003
1,0.3333333333333333,4,0.30224664619363184,0.10201776840837223
1,,4,0.3243898496848231,0.10333839030266526
1,0.4,3,0.16550832390496203,0.10510465291371782
1,0.26666666666666666,4,0.2556974300953613,0.11010202906188828
1,0.28888888888888886,5,0.3295619848068531,0.11141017918988104
1,0.044444444444444446,5,0.3147890738645548,0.11233323294684536
1,0.17777777777777778,3,0.23290770971391633,0.1114287757867791
1,0.1111111111111111,4,0.3333441086148376,0.11262140490889926
1,0.17777777777777778,4,0.2784871504768063,0.11601345053455805
1,0.13333333333333333,6,0.38031356069177313,0.11764041183556694
1,0.13333333333333333,3,0.17569096492645872,0.1178933895497666
1,0.3333333333333333,4,0.2956198480685308,0.12073671133865382
1,0.15555555555555556,4,0.2372393728786165,0.12249299804246348
1,0.35555555555555557,4,0.2836592855988363,0.1253258921849119
1,0.35555555555555557,3,0.2348472603846776,0.1261849533202831
1,0.24444444444444444,5,0.32923872636172624,0.12565878632736033
1,0.3333333333333333,4,0.3386132212704057,0.1279287757867791
1,0.1111111111111111,4,0.2713754646840149,0.12846709832856498
1,0.2222222222222222,5,0.378050751575885,0.13293781057069717
1,0.4222222222222222,4,0.3072571520930985,0.1330471427495859
1,0.1111111111111111,4,0.2713754646840149,0.12846709832856498
1,0.2222222222222222,5,0.378050751575885,0.13293781057069717
1,0.4222222222222222,4,0.3072571520930985,0.1330471427495859
1,0.17777777777777778,3,0.33570389526426386,0.13369963107965668
1,0.4,3,0.35057378374010023,0.13592041861165488
1,0.35555555555555557,4,0.3153386132212705,0.13737803041710586
1,,5,0.3742686277679005,0.14356427872308386
1,0.37777777777777777,5,0.40985938257636984,0.1457169101039
1,0.26666666666666666,5,0.38225311136253437,0.15170615118205089
1,0.17777777777777778,5,0.39615322450299023,0.1531386237012498
1,0.3333333333333333,5,0.3287538386940359,0.15257088540882396
1,0.4222222222222222,5,0.4152254727654761,0.15921547959644633
1,0.13333333333333333,4,0.40132535962502025,0.1607438638759223
1,0.4222222222222222,5,0.3828996282527882,0.16306847236861918
1,0.4,4,0.508647163407144,0.17619515133263064
1,0.17777777777777778,4,0.4016486180701471,0.178745256738443
1,0.4,5,0.4918377242605464,0.18892937810570698
1,0.1111111111111111,5,0.33353806368191374,0.1955797319680771
1,0.1111111111111111,5,0.42576369807661235,0.19748991115795814
1,0.17777777777777778,5,0.46371423953450797,0.2075943946694775
1,0.13333333333333333,5,0.40358816874090836,0.2850120463785574
1,0.13333333333333333,4,0.40132535962502025,0.2882848968528836
1,0.35555555555555557,5,0.4491676095037984,0.2936515585002259
1,0.3333333333333333,6,0.6977533538063683,0.355797319680771
1,0.15555555555555556,5,0.48094391465977054,0.36316778346634543
1,0.2,4,0.5160821076450623,0.384731215178437
1,0.17777777777777778,6,0.5532568288346534,0.3991423731365758
1,0.4222222222222222,-1,0.879747858412801,0.40129985694925463
1,0.4222222222222222,-1,0.879747858412801,0.40129985694925463
1,0.17777777777777778,-1,0.6890253757879425,0.44937321186568285
1,0.13333333333333333,6,0.6996929044771296,0.5010371179039301
-1,0.15555555555555556,-1,0.6486827218361081,0.553011323595844
1,0.26666666666666666,4,0.6856311621141102,1.0
1,0.2222222222222222,0,0.0114756748020042,0.0005601566029212468
1,0.4222222222222222,0,0.013091967027638596,0.0007340761933443758
1,0.2222222222222222,0,0.01302731533861322,0.0008348140340310195
1,0.15555555555555556,0,0.012283820914821398,0.0010730688149375093
1,0.26666666666666666,0,0.025602068854048813,0.0012238367715705467
1,0.3333333333333333,0,0.00652982059156296,0.001131023189278723
1,0.3333333333333333,0,0.015193146920963315,0.0014043555187471767
1,0.3333333333333333,0,0.01878131566187167,0.0014782525222105105
1,0.4888888888888889,0,0.01891061903992242,0.001493193796115043
1,0.15555555555555556,0,0.018587360594795547,0.0013311248305978016
1,0.26666666666666666,0,0.030353967997413932,0.0014681523866887517
1,0.26666666666666666,0,0.018264102149668664,0.0013269838879686794
1,0.3111111111111111,0,0.01891061903992242,0.0016090272549314861
1,0.15555555555555556,0,0.014385000808146118,0.0016864929980424635
1,0.15555555555555556,0,0.016712461613059643,0.0016453847312151784
1,0.35555555555555557,0,0.022789720381444965,0.00166014154494805
1,0.3333333333333333,0,0.01878131566187167,0.001706561511820509
1,0.4888888888888889,0,0.015225472765475997,0.001856098479144707
1,0.26666666666666666,0,0.03517051882980444,0.0017667896401144406
1,0.3333333333333333,0,0.012930337805075165,0.0018638006324348743
1,0.15555555555555556,0,0.022822046225957657,0.00187863273603373
1,0.26666666666666666,0,0.032196541134637144,0.001736372534256889
1,0.3111111111111111,0,0.015193146920963315,0.0019015509712392712
1,0.17777777777777778,0,0.009536124131242933,0.0019507604276464388
1,0.35555555555555557,0,0.025052529497333127,0.0020290618882698387
1,0.3333333333333333,0,0.017746888637465656,0.0021045173919590422
1,0.4888888888888889,0,0.02259576531436884,0.0022333270591778347
1,0.4222222222222222,0,0.017068045902699207,0.002250372684836621
1,0.3333333333333333,0,0.016033618878293195,0.0021503538623701248
1,0.15555555555555556,0,0.02482624858574431,0.002214726697786478
1,0.15555555555555556,0,0.016971068369161152,0.00216834814034031
1,0.17777777777777778,0,0.011798933247131084,0.002232344526426743
1,0.26666666666666666,0,0.02311297882657185,0.0021457611805450988
1,0.26666666666666666,0,0.0389849684823016,0.0020941499774130403
1,0.35555555555555557,0,0.024729271052206243,0.0021532901671435026
1,0.26666666666666666,0,0.04234685631162115,0.0021241153440746873
1,0.3333333333333333,0,0.02259576531436884,0.00227820734829092
1,0.3333333333333333,0,0.02269274284790691,0.0023193156151182052
1,0.3111111111111111,0,0.022563439469856148,0.0024003990362897153
1,0.13333333333333333,0,0.01567803458865363,0.0024027631380816143
1,0.35555555555555557,0,0.031226765799256515,0.0023728692967926518
1,0.26666666666666666,0,0.01567803458865363,0.0023949706369522663
1,0.1111111111111111,0,0.01567803458865363,0.002356008131305526
1,0.17777777777777778,0,0.028285113948601916,0.0023780304171058574
1,0.37777777777777777,0,0.00501050589946662,0.00236334889323897
1,0.26666666666666666,0,0.016971068369161152,0.0024145836470411083
1,0.2222222222222222,0,0.008889607240989177,0.0023500225869597952
1,0.26666666666666666,0,0.016324551478907386,0.002425538322541786
1,0.35555555555555557,0,0.030224664619363184,0.0023979822315916277
1,0.4222222222222222,0,0.02540811378697269,0.002572711188074085
1,0.35555555555555557,0,0.03116211411023113,0.002525873362445415
1,0.1111111111111111,0,0.016324551478907386,0.0024806128595091102
1,0.2222222222222222,0,0.026410214966866012,0.002570772474024996
1,0.35555555555555557,0,0.03442702440601261,0.0025598554434573106
1,0.35555555555555557,0,0.033780507515758854,0.0024619786176780607
1,0.3333333333333333,0,0.015290124454501371,0.00274608492696883
1,0.2222222222222222,0,0.0245676418296428,0.002701023942177383
1,0.26666666666666666,0,0.05699046387586875,0.0028248757717211264
1,0.15555555555555556,0,0.029384192662033303,0.0029790694172564373
1,0.26666666666666666,0,0.019557135930176175,0.002831576569793706
1,0.24444444444444444,0,0.01965411346371424,0.003006749736485469
1,0.2222222222222222,0,0.028802327460804925,0.002974702605029363
1,0.24444444444444444,2,0.04671084532083401,0.0029366812227074237
1,0.26666666666666666,0,0.048197834168417664,0.0029076946243035686
1,0.15555555555555556,0,0.029093260061419112,0.0031173769010691163
1,0.3333333333333333,0,0.011023112978826579,0.0030684460171660896
1,0.4888888888888889,0,0.027283012768708585,0.0032848290920042163
1,0.4222222222222222,0,0.029093260061419112,0.0033678098177985245
1,0.15555555555555556,0,0.016777113302085016,0.0033202830898961
1,0.37777777777777777,0,0.009536124131242933,0.003281282939316368
1,0.35555555555555557,0,0.045417811540326494,0.0033232946845354614
1,0.24444444444444444,2,0.05058994666235656,0.0033466345429905135
1,0.24444444444444444,2,0.05058994666235656,0.0033466345429905135
1,0.26666666666666666,0,0.06080491352836592,0.0035522511669929227
1,0.15555555555555556,0,0.03242282204622596,0.00348863123023641
1,0.15555555555555556,0,0.03187328268951027,0.0034932615569944286
1,0.2222222222222222,0,0.03197026022304833,0.003509637102845957
2,0.37777777777777777,1,0.017455956036851464,0.003508782562867038
1,0.17777777777777778,0,0.031194439954743823,0.0037626110525523265
1,0.15555555555555556,0,0.03187328268951027,0.0034932615569944286
1,0.2222222222222222,0,0.03197026022304833,0.003509637102845957
2,0.37777777777777777,1,0.017455956036851464,0.003508782562867038
1,0.17777777777777778,0,0.031194439954743823,0.0037626110525523265
2,0.37777777777777777,1,0.02269274284790691,0.0037002183406113537
1,0.24444444444444444,2,0.05349927266849846,0.003739647643427195
2,0.4,1,0.0,0.0036139135672338504
1,0.35555555555555557,0,0.048003879101341525,0.00369070923053757
1,0.3333333333333333,0,0.027283012768708585,0.003791680469808764
1,0.35555555555555557,0,0.051236463552610315,0.003911308537870802
1,0.35555555555555557,0,0.04292872151284952,0.003832513928625207
1,0.15555555555555556,0,0.023759495716825604,0.0038698991115795815
1,0.15555555555555556,0,0.03442702440601261,0.0038247251919891583
2,0.37777777777777777,1,0.025472765475998065,0.004130183707273001
1,0.15555555555555556,0,0.029416518506545985,0.004017655473573257
1,0.3333333333333333,0,0.027283012768708585,0.004256377051648848
1,0.2222222222222222,0,0.02666882172296752,0.004182385935853034
1,0.35555555555555557,0,0.04671084532083401,0.004312851980123476
1,0.35555555555555557,0,0.05414578955875223,0.004317873814184611
1,0.15555555555555556,0,0.026571844189429455,0.004410292124680018
1,0.2222222222222222,0,0.027961855503475033,0.004426750489384129
1,0.15555555555555556,0,0.03167932762243414,0.004426102996536666
1,,0,0.028931630838855672,0.004396928173467851
1,0.15555555555555556,0,0.01936318086310005,0.004669477488330071
1,0.15555555555555556,0,0.03862938419266204,0.004738744165035386
1,0.15555555555555556,0,0.02172296751252627,0.004753049239572354
1,0.3111111111111111,0,0.027735574591886216,0.004832013251016413
1,0.35555555555555557,2,0.04493292387263618,0.005033259298298449
1,,0,0.032487473735251335,0.005059478994127391
1,0.06666666666666667,0,0.02792952965896234,0.005139963860864328
1,0.06666666666666667,0,0.029545821884596736,0.005127556090950158
2,0.37777777777777777,1,0.032131889445611767,0.005102541032976961
1,0.2222222222222222,2,0.043995474381768235,0.005429302815840988
1,0.26666666666666666,2,0.058154194278325536,0.005387592230085831
1,0.37777777777777777,0,0.016324551478907386,0.005270294383375998
2,0.37777777777777777,1,0.030806529820591563,0.005422330974250866
1,0.26666666666666666,2,0.05324066591239696,0.005408071073633489
1,0.2222222222222222,0,0.01244545013738484,0.005492527480801084
1,0.06666666666666667,0,0.032034911912073714,0.005461519349495558
1,0.2222222222222222,2,0.04031032810732181,0.005482969432314411
1,0.06666666666666667,0,0.023339259738160666,0.005615712995030869
1,,0,0.030224664619363184,0.0055865080560156604
1,,0,0.03539679974139325,0.005601566029212468
1,0.06666666666666667,0,0.03568773234200744,0.005811989911157958
1,0.15555555555555556,0,0.02683045094553095,0.005823671133865381
1,,0,0.031194439954743823,0.0057784972142749585
1,0.26666666666666666,2,0.06597704865039598,0.005971239271194097
1,0.3111111111111111,0,0.03565540649749475,0.006022338503237464
1,0.2222222222222222,2,0.0464845644092452,0.005846709832856498
1,0.35555555555555557,2,0.05220623888799095,0.005903930131004367
1,0.26666666666666666,2,0.06125747535154355,0.005966721879235055
1,0.24444444444444444,0,0.01849038306125748,0.00619216985393766
1,0.35555555555555557,0,0.02789720381444966,0.006023648546905586
1,0.4444444444444444,0,0.019589461774688868,0.006023844300557145
1,0.3111111111111111,0,0.02889930499434298,0.006168686944737239
1,0.26666666666666666,2,0.06746403749797963,0.006179039301310044
2,0.37777777777777777,1,0.039081946015839676,0.0060320433669628064
1,0.3111111111111111,0,0.032810732180378215,0.006023189278723084
1,0.35555555555555557,2,0.05440439631485373,0.006148802891130854
1,0.26666666666666666,2,0.08310974624212059,0.006175124228278874
1,,0,0.0376596088572814,0.006023189278723084
1,0.15555555555555556,0,0.018845967350897046,0.006343171209155248
1,0.28888888888888886,0,0.0382091482139971,0.006252608793856347
1,0.15555555555555556,2,0.04735736221108777,0.006337524469206445
1,0.06666666666666667,0,0.03976078875060611,0.006303625207047131
1,0.1111111111111111,0,0.029254889283982545,0.006331877729257642
1,0.35555555555555557,2,0.06804590269920802,0.006260352356572805
1,0.13333333333333333,0,0.02440601260707936,0.006372534256889023
1,0.15555555555555556,2,0.04548246322935188,0.006579731968077097
1,0.3333333333333333,0,0.028285113948601916,0.006399947297093811
1,0.5111111111111111,0,0.021819945046064337,0.00675726547206746
2,0.24444444444444444,1,0.018264102149668664,0.006761639813281132
1,0.2222222222222222,0,0.033457249070631974,0.0067196205390754405
1,0.4444444444444444,0,0.030353967997413932,0.006588533353410631
1,0.35555555555555557,0,0.02889930499434298,0.006587983737388947
1,0.2222222222222222,0,0.019557135930176175,0.006769315615118205
1,0.37777777777777777,0,0.02860837239372879,0.0065879987953621445
1,0.3111111111111111,0,0.04043963148537256,0.006644323144104803
1,0.37777777777777777,0,0.029190237594957168,0.006588228429453395
1,0.2222222222222222,0,0.013738483917892362,0.006634166541183557
1,0.35555555555555557,2,0.05925327299175691,0.006696099984942027
1,0.15555555555555556,2,0.050816227573945376,0.006691951513326307
2,0.24444444444444444,1,0.01499919185388718,0.00659136801686493
1,0.26666666666666666,2,0.08660093744949088,0.0066060834211715104
1,0.15555555555555556,2,0.050816227573945376,0.006691951513326307
2,0.24444444444444444,1,0.01499919185388718,0.00659136801686493
1,0.26666666666666666,2,0.08660093744949088,0.0066060834211715104
2,0.26666666666666666,1,0.02818813641506385,0.006776087938563469
1,0.1111111111111111,0,0.01810247292710522,0.006833910555639211
1,0.4,0,0.01470825925327299,0.006913013853335341
1,0.6222222222222222,0,0.028511394860190734,0.006833221653365457
1,0.15555555555555556,0,0.031840956844997576,0.006873964764342719
1,0.37777777777777777,0,0.02763859705834815,0.006776584851678964
1,0.3333333333333333,0,0.032390496201713276,0.006776355217587713
1,0.26666666666666666,2,0.09009212865686116,0.006872458967023039
1,0.6222222222222222,0,0.027024406012607086,0.0069392109622044874
1,0.06666666666666667,0,0.04338128333602716,0.006860058726095467
2,0.24444444444444444,1,0.010926135445288513,0.0069038887215780755
1,0.4,0,0.007855180216583164,0.007085672338503237
2,0.044444444444444446,1,0.0331339906255051,0.007145008281885259
1,0.3333333333333333,2,0.042799418134798775,0.006980876374040055
2,0.4222222222222222,1,0.003943753030547926,0.006964312603523566
1,0.4,0,0.031226765799256515,0.006964410480349345
1,0.35555555555555557,0,0.03513819298529174,0.006964689052853486
1,0.3333333333333333,0,0.03681913689995151,0.006964376599909652
1,0.35555555555555557,2,0.06500727331501537,0.007133477638909803
1,0.28888888888888886,0,0.029739776951672868,0.007130025598554434
1,0.37777777777777777,0,0.0315176983998707,0.006964734226773076
2,0.24444444444444444,1,0.01693874252464846,0.007093035687396477
1,0.6222222222222222,0,0.029287215128495237,0.007101874717663002
1,0.6222222222222222,0,0.029287215128495237,0.007101874717663002
1,0.6222222222222222,0,0.033651204137708106,0.007130349344978166
1,0.35555555555555557,2,0.0630353967997414,0.007286124077699142
1,0.24444444444444444,0,0.015031517698399874,0.007336948501731667
1,0.15555555555555556,2,0.05663487958622918,0.007171999698840536
2,0.4666666666666667,1,0.02877000161629223,0.007152537268483662
1,0.4,0,0.025569743009536135,0.007472519198915826
1,0.2,0,0.022789720381444965,0.007427845956934197
2,0.24444444444444444,1,0.0224341360918054,0.007486199367565126
2,0.2,1,0.017876192015516407,0.007520945640716759
1,0.35555555555555557,2,0.026054630677226447,0.0073904156000602315
2,0.1111111111111111,1,0.04367221593664135,0.007419206444812528
1,,0,0.04509455309519962,0.007408522812829393
1,0.4222222222222222,2,0.05359625020203653,0.0075472820358379765
1,0.15555555555555556,2,0.0577016324551479,0.0076008884204186115
1,0.2222222222222222,0,0.03798286730240828,0.007641921397379912
2,0.2,1,0.01849038306125748,0.007643698238217136
1,0.6222222222222222,0,0.03125909164376919,0.007533906791145912
1,0.6222222222222222,0,0.03125909164376919,0.007533906791145912
1,0.35555555555555557,2,0.03775658639081947,0.007585442704411986
1,0.35555555555555557,2,0.03475028285113949,0.007543893991868694
2,0.08888888888888889,1,0.03487958622919025,0.007672138985092607
1,0.35555555555555557,2,0.06733473411992888,0.007604720674597199
1,0.26666666666666666,2,0.09620171326975918,0.0076195226622496615
2,0.044444444444444446,1,0.02763859705834815,0.007555503689203433
2,0.26666666666666666,1,0.032067237756586396,0.007859298298449028
2,0.26666666666666666,1,0.02683045094553095,0.007821928173467852
1,0.4888888888888889,2,0.0536932277355746,0.007766439542237615
1,0.4222222222222222,2,0.05427509293680298,0.007746525372684837
1,0.4888888888888889,0,0.029254889283982545,0.007720911760277067
2,0.26666666666666666,1,0.032067237756586396,0.007859298298449028
2,0.26666666666666666,1,0.02683045094553095,0.007821928173467852
1,0.4888888888888889,2,0.0536932277355746,0.007766439542237615
1,0.4222222222222222,2,0.05427509293680298,0.007746525372684837
1,0.4888888888888889,0,0.029254889283982545,0.007720911760277067
1,0.28888888888888886,0,0.0515597219977372,0.007849819304321638
1,0.15555555555555556,2,0.06070793599482788,0.00784079957837675
1,0.17777777777777778,0,0.01748828188136416,0.007883044722180394
1,0.26666666666666666,0,0.021011798933247137,0.007717440897455203
1,0.26666666666666666,0,0.020106675286891876,0.007717516187321187
1,0.26666666666666666,0,0.02114110231129789,0.00771787757867791
1,0.37777777777777777,0,0.02537578794246,0.0077176253576268635
1,0.28888888888888886,0,0.03426539518344917,0.007726622496611956
1,0.35555555555555557,0,0.03132374333279457,0.007717565125734076
1,0.2,0,0.024761596896718936,0.007807035837976209
1,0.4222222222222222,2,0.05718441894294488,0.008088977563619936
1,0.4,0,0.030774203976078884,0.007950583496461376
1,0.5111111111111111,0,0.0315176983998707,0.008090219846408673
1,0.2,0,0.028155810570551155,0.008003154645384732
1,0.26666666666666666,0,0.03061257475351544,0.007905917783466346
1,0.26666666666666666,0,0.035623080652982066,0.007906154946544196
1,0.26666666666666666,0,0.03319864231453048,0.00790603448275862
1,0.4666666666666667,0,0.027024406012607086,0.007950937358831501
1,0.4666666666666667,0,0.028511394860190734,0.007906008131305526
2,0.1111111111111111,1,0.046322935186681756,0.008001927420569191
2,0.08888888888888889,1,0.032616777113302096,0.007930642975455504
1,0.2,0,0.020526911265556815,0.008064862219545249
1,0.26666666666666666,2,0.09953127525456604,0.00802665261255835
1,0.24444444444444444,0,0.05000808146112818,0.008158477638909803
1,0.6222222222222222,0,0.032746080491352844,0.00813735883150128
1,0.3333333333333333,2,0.05055762081784387,0.008130082065953923
1,0.15555555555555556,2,0.048844351058671416,0.00810721276916127
1,0.15555555555555556,2,0.06442540811378698,0.008181825026351452
1,0.28888888888888886,0,0.03491191207370293,0.008138382773678662
1,0.28888888888888886,0,0.020850169710683698,0.008196657129950309
1,0.2222222222222222,2,0.06390819460158396,0.008232193946694775
1,0.08888888888888889,0,0.01748828188136416,0.00821118054509863
1,0.35555555555555557,2,0.07331501535477615,0.008150033880439693
2,0.4,1,0.03442702440601261,0.008125338804396929
1,0.26666666666666666,3,0.08744140940682076,0.00816330371931938
1,0.35555555555555557,2,0.07105220623888799,0.008173618430959192
2,0.26666666666666666,1,0.040504283174397936,0.008341669176328866
1,0.1111111111111111,0,0.02146436075642476,0.008466213672639663
1,0.1111111111111111,0,0.025569743009536135,0.008335002258695979
1,0.4888888888888889,0,0.039922417973169554,0.008323949706369523
1,0.24444444444444444,0,0.027315338613221277,0.008465852281282939
1,0.3333333333333333,2,0.053111362534346215,0.008355443457310647
1,0.17777777777777778,0,0.02948117019557136,0.00828188525824424
1,0.15555555555555556,2,0.04144173266526589,0.008346822767655474
1,0.26666666666666666,0,0.036754485210926134,0.00828240099382623
1,0.26666666666666666,0,0.03287538386940359,0.008282679566330373
1,0.26666666666666666,0,0.03475028285113949,0.00828221653365457
1,0.26666666666666666,0,0.033812833360271535,0.008282001957536516
1,0.24444444444444444,0,0.022466461936318093,0.008369405962957386
1,0.35555555555555557,2,0.07754970098593827,0.00840306429754555
1,0.4,0,0.01839340552771941,0.008502093058274356
1,0.1111111111111111,0,0.0333925973816066,0.008543269085981027
1,0.15555555555555556,0,0.02214320349119121,0.008607939316368017
1,0.15555555555555556,0,0.015160821076450622,0.008558123776539677
1,0.3333333333333333,2,0.054372070470341045,0.00864523415148321
1,0.15555555555555556,0,0.018328753838694038,0.00849721427495859
2,0.2,1,0.02395345078390174,0.00858797244390905
1,0.1111111111111111,0,0.01794084370454178,0.008640792049390151
2,0.2,1,0.013415225472765479,0.0086165110676103
1,0.17777777777777778,0,0.01499919185388718,0.008552205993073332
1,0.17777777777777778,0,0.01525779860998869,0.00860084701099232
1,0.15555555555555556,2,0.04483594633909811,0.00847914470712242
1,0.28888888888888886,0,0.04490059802812348,0.008658330823671134
1,0.1111111111111111,0,0.02792952965896234,0.008820953169703358
1,0.2,0,0.03200258606756102,0.008792730763439241
1,0.15555555555555556,2,0.06801357685469533,0.008762648697485319
2,0.26666666666666666,1,0.011540326491029587,0.00875952416804698
1,0.4,0,0.03959915952804268,0.008658951965065503
1,0.26666666666666666,0,0.038306125747535155,0.00865882020780003
1,0.24444444444444444,0,0.029578147729109428,0.008833138834512875
1,0.35555555555555557,2,0.034782608695652174,0.008684253124529438
1,0.4,0,0.032131889445611767,0.00886395874115344
1,0.4888888888888889,2,0.05909164376919348,0.008873087637404005
1,0.1111111111111111,0,0.021949248424115084,0.008917038096672188
1,0.15555555555555556,0,0.028931630838855672,0.008982638156904081
1,0.2222222222222222,0,0.033780507515758854,0.008864018973046228
2,0.26666666666666666,1,0.012089865847745275,0.008928474627315164
2,0.26666666666666666,1,0.015096169387425248,0.009028760728805903
1,0.26666666666666666,0,0.03145304671084532,0.008846732419816292
1,0.35555555555555557,2,0.042476159689671895,0.008939598705014306
1,0.24444444444444444,0,0.01839340552771941,0.009109923204336696
1,0.4,0,0.03284305802489091,0.009050120463785574
1,0.15555555555555556,2,0.06558913851624375,0.009186492998042464
1,0.15555555555555556,2,0.0702763859705835,0.009128933895497666
1,0.35555555555555557,0,0.026959754323581712,0.00903556693269086
2,0.37777777777777777,7,0.05805721674478747,0.009214162023791597
1,0.24444444444444444,0,0.027315338613221277,0.009043434723686192
1,0.15555555555555556,2,0.06077258768385324,0.009155812377653968
1,0.26666666666666666,2,0.10887344431873283,0.009168988104201175
1,0.15555555555555556,2,0.05812186843381283,0.00919910405059479
1,0.2,0,0.01567803458865363,0.009210679867489836
1,0.24444444444444444,0,0.01849038306125748,0.009332141243788585
1,0.24444444444444444,0,0.01593664134475514,0.009393543893991869
1,0.26666666666666666,0,0.05430741878131566,0.00924547131456106
1,0.1111111111111111,0,0.03468563116211411,0.009238495708477639
1,0.15555555555555556,2,0.055632778406335875,0.009372082517693118
2,0.2,1,0.013188944561176662,0.009407946845354615
2,0.2,1,0.028446743171165346,0.009359994729709381
1,0.35555555555555557,2,0.06752868918700503,0.009403357928022889
1,0.28888888888888886,0,0.034103765960885726,0.009352093058274356
1,0.3333333333333333,2,0.05217391304347827,0.009389945038397832
2,0.06666666666666667,1,0.029254889283982545,0.00931872458967023
2,0.06666666666666667,1,0.02563439469856151,0.009237336244541485
2,0.4,1,0.024082754161952487,0.009344763589820811
1,0.2222222222222222,0,0.020235978664942623,0.009457717211263364
1,0.15555555555555556,0,0.04464199127202199,0.009454148471615721
1,0.2222222222222222,0,0.03087118150961694,0.00950877126938714
1,0.15555555555555556,0,0.04464199127202199,0.009454148471615721
1,0.2222222222222222,0,0.03087118150961694,0.00950877126938714
2,0.24444444444444444,1,0.036043316631647004,0.009442610299653667
1,0.2222222222222222,0,0.02440601260707936,0.00954000150579732
1,0.2222222222222222,2,0.05576208178438662,0.009522067459719922
1,0.35555555555555557,2,0.07228058833037014,0.00948212618581539
2,0.2,1,0.026862776790043643,0.009446532901671434
1,0.2222222222222222,2,0.07224826248585746,0.00959192892636651
1,0.15555555555555556,0,0.02017132697591725,0.009545542839933745
2,0.044444444444444446,1,0.028285113948601916,0.009537441650353862
1,0.24444444444444444,0,0.018167124616130594,0.00969335190483361
2,0.26666666666666666,1,0.01668013576854696,0.009706971841590122
1,0.3333333333333333,2,0.0579602392112494,0.00961500527029062
1,0.2222222222222222,2,0.05899466623565541,0.009759957084776389
1,0.26666666666666666,2,0.11291417488281882,0.009663077849721428
2,0.37777777777777777,7,0.0652012283820915,0.00969863348893239
1,0.2222222222222222,0,0.025052529497333127,0.009703312754103298
1,0.24444444444444444,0,0.0331339906255051,0.009685581990664056
1,0.35555555555555557,2,0.04803620494585422,0.009679186116548713
1,0.15555555555555556,0,0.024050428317439795,0.009644236560758922
2,,1,0.030224664619363184,0.009926727902424333
1,0.06666666666666667,2,0.05136576693066106,0.00994363424183105
2,0.26666666666666666,1,0.018845967350897046,0.00986297244390905
1,0.35555555555555557,0,0.027541619524810095,0.00978791974100286
1,0.35555555555555557,0,0.03229351866817521,0.009787942327962656
1,0.06666666666666667,2,0.05401648618070148,0.009939993976810722
1,0.35555555555555557,2,0.07069662194924842,0.009892742056919139
1,0.35555555555555557,0,0.031840956844997576,0.009787998795362145
2,0.24444444444444444,1,0.025763698076612256,0.009916782111127842
1,0.2222222222222222,0,0.022110877646678528,0.009981211413943683
1,0.4,0,0.023177630515597222,0.01009377352808312
1,0.5111111111111111,2,0.048003879101341525,0.010091733172714952
1,0.24444444444444444,0,0.03061257475351544,0.010005601566029212
1,0.24444444444444444,0,0.03255212542427672,0.01005830447221804
1,0.2222222222222222,0,0.035008889607240995,0.01005830447221804
1,0.37777777777777777,0,0.02666882172296752,0.009976573558199066
1,0.24444444444444444,0,0.03701309196702764,0.009999728956482457
1,0.06666666666666667,2,0.0494262162598998,0.009984354765848517
1,0.35555555555555557,2,0.0678196217876192,0.009992934046077397
1,0.2222222222222222,0,0.01891061903992242,0.010162885860563168
2,,1,0.03494423791821562,0.0104962204487276
1,0.2222222222222222,0,0.029254889283982545,0.010473972293329317
1,0.15555555555555556,0,0.015807337966704377,0.01016561511820509
1,0.24444444444444444,0,0.028576046549216107,0.010428184761331125
1,0.5333333333333333,2,0.05673185711976725,0.010241872458967023
1,0.4,0,0.035978664942621634,0.010415773226923657
1,0.28888888888888886,3,0.06875707127848714,0.01037717587712694
1,0.28888888888888886,2,0.0697268466138678,0.01037717587712694
1,0.28888888888888886,3,0.07131081299498948,0.010535465291371782
1,0.3333333333333333,2,0.060998868595442055,0.010306580334287005
1,0.15555555555555556,2,0.07528689187005011,0.010382020780003012
2,0.26666666666666666,1,0.01839340552771941,0.01021773829242584
1,0.35555555555555557,0,0.028931630838855672,0.01016485845505195
1,0.3111111111111111,0,0.036334249232261195,0.010164455654268935
1,0.1111111111111111,0,0.017617585259414908,0.010387366360487878
1,0.15555555555555556,2,0.07599806044932925,0.010351453094413493
1,0.15555555555555556,2,0.07528689187005011,0.010382020780003012
2,0.26666666666666666,1,0.01839340552771941,0.01021773829242584
1,0.35555555555555557,0,0.028931630838855672,0.01016485845505195
1,0.3111111111111111,0,0.036334249232261195,0.010164455654268935
1,0.1111111111111111,0,0.017617585259414908,0.010387366360487878
1,0.15555555555555556,2,0.07599806044932925,0.010351453094413493
1,0.3111111111111111,0,0.028963956683368354,0.010164474476735432
1,0.28888888888888886,0,0.02789720381444966,0.010164801987652463
2,0.2,1,0.03171165346694683,0.010283195301912363
1,0.35555555555555557,0,0.03639890092128657,0.010353324047583195
1,0.35555555555555557,0,0.03639890092128657,0.010165084324649902
1,0.24444444444444444,0,0.03798286730240828,0.010225444210209305
1,0.2222222222222222,0,0.020526911265556815,0.010235676102996537
1,0.2222222222222222,3,0.07787295943106513,0.010358605631681976
1,0.2222222222222222,3,0.0808792629707451,0.010229822315916277
1,0.35555555555555557,2,0.03811217068045904,0.010477759373588314
1,0.15555555555555556,2,0.0785194763213189,0.01046325854539979
2,0.24444444444444444,1,0.02990140617423631,0.010518133564222256
1,0.4444444444444444,0,0.036689833521900764,0.010332254178587562
1,0.15555555555555556,0,0.025181832875383874,0.010193551422978467
1,0.24444444444444444,0,0.0280588330370131,0.01062004592681825
1,0.28888888888888886,2,0.071569419751091,0.010699265923806656
1,0.24444444444444444,2,0.05362857604654921,0.010708327059177835
1,0.2222222222222222,2,0.0622272506869242,0.010703636500527029
1,0.2222222222222222,0,0.027961855503475033,0.010672338503237464
1,0.2222222222222222,0,0.02763859705834815,0.01058575515735582
2,0.1111111111111111,1,0.024309035073541305,0.010578222406264116
1,0.1111111111111111,0,0.03959915952804268,0.010615871103749435
1,0.17777777777777778,0,0.027573945369322776,0.0106839632585454
1,0.13333333333333333,0,0.010247292710522063,0.010724815539828339
2,0.4,1,0.048973654436722164,0.01071736184309592
1,0.28888888888888886,3,0.07405850977856797,0.01085632058424936
1,0.28888888888888886,2,0.07341199288831422,0.01085632058424936
1,0.17777777777777778,0,0.02990140617423631,0.010743645535310948
2,0.1111111111111111,1,0.020979473088734445,0.010766447071224212
1,0.06666666666666667,0,0.01988039437530306,0.010909501581087186
1,0.17777777777777778,0,0.028511394860190734,0.010823802891130854
2,0.24444444444444444,1,0.04079521577501213,0.010894978165938865
1,0.15555555555555556,0,0.03397446258283498,0.010843924107815088
1,0.15555555555555556,0,0.034588653628576056,0.010848140340310194
1,0.28888888888888886,0,0.035364473896880556,0.010901302514681525
2,0.06666666666666667,1,0.03397446258283498,0.010744221502785724
2,0.4222222222222222,7,0.053822531113625345,0.010869974401445565
2,,1,0.038015193146920964,0.011088371480198766
1,0.15555555555555556,0,0.02877000161629223,0.011059606986899563
1,0.2222222222222222,2,0.06610635202844674,0.010971660894443607
1,0.06666666666666667,2,0.05970583481493454,0.011051923656075891
1,0.06666666666666667,0,0.023759495716825604,0.010944134919439843
1,0.3111111111111111,0,0.027444641991272025,0.01091806203884957
1,0.28888888888888886,0,0.03158235008889608,0.010917516187321187
1,0.06666666666666667,0,0.025052529497333127,0.010959192892636652
1,0.2222222222222222,3,0.08582511718118636,0.011007378406866436
1,0.35555555555555557,2,0.0622272506869242,0.011071826532148773
1,0.24444444444444444,0,0.035267496363342504,0.01111345053455805
1,0.17777777777777778,0,0.03174397931145952,0.01128570245444963
1,0.08888888888888889,0,0.026022304832713755,0.01119650655021834
1,0.35555555555555557,0,0.03904962017132698,0.011105955428399338
1,0.2222222222222222,0,0.030547923064490067,0.01121580334287005
1,0.24444444444444444,0,0.0331339906255051,0.01128358680921548
1,0.4444444444444444,0,0.04024567641829643,0.011254325402800783
1,0.35555555555555557,2,0.06416680135768549,0.011216590121969582
1,0.1111111111111111,0,0.019815742686277685,0.011393901520855293
1,0.24444444444444444,0,0.035429125585905934,0.011350621141394368
1,0.24444444444444444,2,0.05624696945207694,0.011401614967625357
2,0.1111111111111111,1,0.021561338289962827,0.01140641093208854
1,0.37777777777777777,0,0.04768062065621465,0.011311624755307935
2,0.24444444444444444,1,0.04121545175367707,0.011358918084625809
1,0.35555555555555557,2,0.04098917084208826,0.011392282788736637
1,0.24444444444444444,0,0.04331663164700179,0.011293479897605782
1,0.1111111111111111,2,0.047583643122676586,0.011555179942779702
1,0.4,2,0.050105058994666246,0.011485250715253727
1,0.15555555555555556,0,0.031194439954743823,0.011656170004517392
1,0.15555555555555556,3,0.08249555519637951,0.011574085228128294
1,0.15555555555555556,0,0.03016001293033781,0.011592870049691312
1,0.3111111111111111,2,0.06694682398577664,0.011668378256286704
1,0.08888888888888889,0,0.019557135930176175,0.011669402198464086
1,0.2,2,0.04205592371100696,0.011515859810269537
1,0.06666666666666667,2,0.06626798125101019,0.011626200873362445
1,0.4444444444444444,0,0.043801519314692096,0.01163344375847011
1,0.4444444444444444,0,0.04412477775981898,0.01158363198313507
1,0.13333333333333333,0,0.021819945046064337,0.011579581388345129
1,0.4,3,0.05223856473250363,0.01172387065201024
1,0.4,2,0.05236786811055438,0.011876332630627918
1,0.26666666666666666,3,0.0630353967997414,0.011687908447522963
1,0.4444444444444444,0,0.043801519314692096,0.01163344375847011
1,0.4444444444444444,0,0.04412477775981898,0.01158363198313507
1,0.13333333333333333,0,0.021819945046064337,0.011579581388345129
1,0.4,3,0.05223856473250363,0.01172387065201024
1,0.4,2,0.05236786811055438,0.011876332630627918
1,0.26666666666666666,3,0.0630353967997414,0.011687908447522963
1,0.15555555555555556,3,0.08404719573298854,0.011830673091401898
2,0.26666666666666666,1,0.022919023759495723,0.01191236259599458
1,0.4444444444444444,0,0.02188459673508971,0.011911353711790394
2,0.37777777777777777,7,0.07965088087926298,0.01188377879837374
2,0.0,1,0.021205754000323263,0.011820505195000754
1,0.3333333333333333,2,0.04903830612574754,0.011670764945038398
1,0.37777777777777777,2,0.0515597219977372,0.01167033579280229
1,0.1111111111111111,0,0.01946015839663812,0.011992994277970185
1,0.24444444444444444,2,0.059738160659447224,0.011713695226622496
2,0.1111111111111111,1,0.0173589785033134,0.011707570396024694
1,0.1111111111111111,0,0.025699046387586882,0.011732720975756663
1,0.2222222222222222,0,0.03442702440601261,0.01177211639813281
1,0.2222222222222222,2,0.0712784871504768,0.011960785273302214
1,0.35555555555555557,2,0.0766122514950703,0.011956049540731817
1,0.15555555555555556,3,0.08482301600129305,0.011800519500075289
1,0.15555555555555556,3,0.0870534992726685,0.011844677006474928
1,0.13333333333333333,0,0.0376596088572814,0.011733549164282488
1,0.06666666666666667,2,0.06846613867787296,0.011803135822918235
1,0.37777777777777777,0,0.038532406659123976,0.011841428248757717
1,0.26666666666666666,2,0.13037013091967029,0.01179754555036892
1,0.2222222222222222,0,0.0331339906255051,0.012182946845354614
1,0.28888888888888886,3,0.07648294811701956,0.012061173016112032
1,0.3333333333333333,2,0.05126878939712301,0.012046822767655474
1,0.4444444444444444,2,0.05663487958622918,0.012047229332931788
1,0.35555555555555557,2,0.051236463552610315,0.012047003463333835
1,0.13333333333333333,0,0.02683045094553095,0.012047086282186417
1,0.2222222222222222,0,0.029578147729109428,0.012119315615118205
1,0.1111111111111111,0,0.021496686600937454,0.012210134015961452
1,0.13333333333333333,0,0.03665750767738808,0.012217892636651106
1,0.35555555555555557,2,0.07428479069015678,0.012234170305676856
1,0.24444444444444444,0,0.04638758687570713,0.012181666917632887
1,0.15555555555555556,2,0.08899304994342978,0.01215863574762837
1,0.2222222222222222,2,0.05996444157103604,0.012121668423430206
1,0.17777777777777778,0,0.02683045094553095,0.012061014907393464
1,0.1111111111111111,0,0.029416518506545985,0.012404731968077096
1,0.17777777777777778,0,0.031194439954743823,0.012374781659388646
2,0.26666666666666666,1,0.025246484564409248,0.012260804095768709
1,0.17777777777777778,0,0.043348957491514475,0.01226523490438187
1,0.1111111111111111,0,0.02343623727169873,0.012295060984791446
1,0.37777777777777777,2,0.05430741878131566,0.012234772624604729
1,0.3111111111111111,2,0.07295943106513658,0.012364786929679265
1,0.06666666666666667,2,0.07325036366575076,0.012304306580334287
1,0.35555555555555557,2,0.08647163407144012,0.012326784369823821
1,0.15555555555555556,2,0.06633263294003555,0.012255703207348291
1,0.28888888888888886,2,0.07118150961693874,0.012347534256889022
1,0.3333333333333333,0,0.02763859705834815,0.012607532751091704
1,0.1111111111111111,0,0.02437368676256668,0.012566386839331426
1,0.4,0,0.04622595765314369,0.012489116849872008
1,0.13333333333333333,0,0.036689833521900764,0.012524397681072127
1,0.2,2,0.05718441894294488,0.01248089519650655
1,0.4,0,0.04622595765314369,0.012489116849872008
1,0.13333333333333333,0,0.036689833521900764,0.012524397681072127
1,0.2,2,0.05718441894294488,0.01248089519650655
1,0.2222222222222222,2,0.044771294650072735,0.012610021081162475
1,0.3111111111111111,2,0.07418781315661871,0.012537193193796115
1,0.4444444444444444,2,0.04929691288184905,0.012511526878482157
2,0.2,1,0.052723452400193944,0.0124731139888571
1,0.28888888888888886,2,0.05999676741554872,0.012555725794308087
1,0.2222222222222222,2,0.04768062065621465,0.012449853184761332
1,0.35555555555555557,2,0.08614837562631324,0.012467041861165488
1,0.28888888888888886,2,0.08388556651042509,0.012578226170757417
1,0.35555555555555557,2,0.08369161144334897,0.012579261406414697
1,0.28888888888888886,2,0.08000646516890254,0.01245245821412438
1,0.13333333333333333,0,0.025343462097947318,0.012601848366209908
2,0.06666666666666667,1,0.020494585421044133,0.012579125884655925
1,0.4888888888888889,2,0.06352028446743171,0.012772899412739045
1,0.2222222222222222,2,0.04347826086956522,0.012701046529137177
1,0.3333333333333333,0,0.02440601260707936,0.01265909878030417
1,0.13333333333333333,0,0.028705349927266855,0.012611718867640415
1,0.4,2,0.05802489090027476,0.012611922150278572
1,0.37777777777777777,3,0.07386455471149185,0.012725455503689203
1,0.28888888888888886,2,0.06038467754970099,0.01275326005119711
2,0.2,1,0.05414578955875223,0.012673848065050444
1,0.28888888888888886,2,0.06261516082107645,0.012648693720825176
1,0.13333333333333333,0,0.026992080168094394,0.012690106911609697
1,0.15555555555555556,2,0.09090027476967837,0.012798411383827736
1,0.35555555555555557,2,0.0884111847422014,0.012618088390302665
1,0.35555555555555557,2,0.08679489251656701,0.012618088390302665
1,0.4,3,0.060837239372878625,0.013011632284294535
1,0.2222222222222222,2,0.05058994666235656,0.013135886914621291
1,0.26666666666666666,3,0.08133182479392274,0.013165381719620539
1,0.13333333333333333,0,0.03862938419266204,0.013033184008432465
1,0.2222222222222222,2,0.05511556489413286,0.013112671284445114
1,0.2222222222222222,2,0.04832713754646841,0.01313759975907243
1,0.2,3,0.0662033295619848,0.01312127315163379
1,0.17777777777777778,0,0.023759495716825604,0.012866567535009787
1,0.13333333333333333,0,0.04393082269274286,0.012839086733925614
1,0.2222222222222222,2,0.06481331824793922,0.013109847914470712
1,0.15555555555555556,2,0.06717310489736546,0.012901294985694926
1,0.2222222222222222,2,0.07548084693712624,0.013164414244842644
2,0.1111111111111111,7,0.06775497009859384,0.012930503689203433
1,,0,0.033651204137708106,0.01279966872458967
1,0.2222222222222222,0,0.03358655244868272,0.01312678813431712
1,0.37777777777777777,2,0.057055115564894135,0.012799826833308237
1,0.28888888888888886,3,0.06074026183934056,0.012996988405360638
1,0.37777777777777777,3,0.07386455471149185,0.012871141394368318
1,0.15555555555555556,0,0.03455632778406336,0.012799710134015962
1,0.28888888888888886,2,0.06158073379667044,0.01307679566330372
1,0.13333333333333333,0,0.040213350573783745,0.013138081614214727
1,0.08888888888888889,0,0.027961855503475033,0.012858191537419064
2,0.24444444444444444,1,0.049199935348310984,0.013041458364704111
1,0.2222222222222222,0,0.042185227089057704,0.012986888269838879
1,0.2222222222222222,2,0.0774203976078875,0.013045862821864177
1,0.15555555555555556,3,0.08863746565379022,0.013078414395422375
1,0.17777777777777778,0,0.0446096654275093,0.013017448426441801
1,0.35555555555555557,2,0.08420882495555196,0.01290962204487276
1,0.08888888888888889,0,0.027961855503475033,0.012858191537419064
2,0.24444444444444444,1,0.049199935348310984,0.013041458364704111
1,0.2222222222222222,0,0.042185227089057704,0.012986888269838879
1,0.2222222222222222,2,0.0774203976078875,0.013045862821864177
1,0.15555555555555556,3,0.08863746565379022,0.013078414395422375
1,0.17777777777777778,0,0.0446096654275093,0.013017448426441801
1,0.35555555555555557,2,0.08420882495555196,0.01290962204487276
1,0.35555555555555557,2,0.0875707127848715,0.013016985393765999
1,0.4444444444444444,2,0.0865039599159528,0.012878557446167746
1,0.35555555555555557,2,0.08453208340067885,0.012870463785574462
1,0.2,0,0.0376596088572814,0.013092772172865532
1,,2,0.04874737352513335,0.01298750188224665
1,0.2222222222222222,0,0.03358655244868272,0.01312678813431712
1,0.28888888888888886,2,0.06956521739130435,0.013100432916729408
1,0.17777777777777778,0,0.030192338774850502,0.01302848968528836
1,0.28888888888888886,0,0.031840956844997576,0.013138363951212166
1,0.26666666666666666,3,0.08291579117504445,0.013233744917934047
1,0.28888888888888886,3,0.08805560045256183,0.013293829995482608
1,0.35555555555555557,3,0.11226765799256506,0.013202352808312001
2,0.26666666666666666,1,0.034006788427347674,0.01328414395422376
1,0.3333333333333333,0,0.029416518506545985,0.013176099232043367
1,0.28888888888888886,0,0.032261192823662514,0.013293739647643427
1,0.13333333333333333,0,0.03222886697914983,0.013176121819003163
1,0.13333333333333333,0,0.03559075480846938,0.013176532148772775
1,0.3333333333333333,2,0.05446904800387911,0.013176302514681524
1,0.37777777777777777,2,0.06158073379667044,0.013176675199518146
1,0.37777777777777777,2,0.05463067722644254,0.013176517090799578
1,0.13333333333333333,0,0.030903507354129632,0.013175726547206746
1,0.2222222222222222,0,0.038306125747535155,0.013195817647944587
1,0.35555555555555557,2,0.07981251010182641,0.013187531998193043
2,0.06666666666666667,1,0.036754485210926134,0.01332419439843397
1,0.4,0,0.03216421529012446,0.013230499924710135
1,0.4,3,0.05624696945207694,0.013479137178135822
1,0.24444444444444444,2,0.0622272506869242,0.013487340009034784
1,0.24444444444444444,2,0.05802489090027476,0.013488123023641017
1,0.24444444444444444,3,0.06933893647971552,0.013539922451438036
2,0.37777777777777777,7,0.08915467916599322,0.013396679716910104
2,0.26666666666666666,1,0.03904962017132698,0.013431862671284446
1,0.3333333333333333,2,0.06125747535154355,0.013365054208703509
1,0.35555555555555557,2,0.06158073379667044,0.0133646212919741
1,0.35555555555555557,3,0.11701955713593018,0.01339273829242584
1,0.15555555555555556,2,0.07011475674802005,0.013483662099081464
2,0.26666666666666666,1,0.04095684499757556,0.013508808914320132
1,,2,0.08194601583966382,0.013499472970938111
2,,1,0.04945854210441248,0.013740114440596295
1,0.4,3,0.06452238564732504,0.013655454750790543
1,0.5111111111111111,3,0.07160174559560369,0.013875816895045927
1,0.24444444444444444,2,0.06416680135768549,0.013817632886613461
1,0.15555555555555556,0,0.04832713754646841,0.01383287155548863
1,0.13333333333333333,0,0.022789720381444965,0.013910100135521759
1,0.3333333333333333,0,0.0389849684823016,0.013926374040054208
1,0.28888888888888886,0,0.04166801357685469,0.01392415298900768
1,0.3333333333333333,0,0.034588653628576056,0.013927676554735733
1,0.2222222222222222,0,0.039146597704865047,0.013612407769914169
1,0.17777777777777778,0,0.020203652820429942,0.013790298900767956
1,0.4,2,0.06387586875707128,0.01355320734829092
1,0.28888888888888886,3,0.06604170033942137,0.01386551724137931
1,0.28888888888888886,2,0.07240989170842088,0.013853147116398132
1,0.28888888888888886,2,0.060126070793599495,0.01375575967474778
1,0.28888888888888886,2,0.058671407790528526,0.013658184008432465
1,0.35555555555555557,2,0.07415548731210603,0.01367697635898208
1,0.2222222222222222,2,0.06739938580895427,0.013636876976358982
1,0.15555555555555556,2,0.06377889122353321,0.013568739647643427
2,0.06666666666666667,1,0.0389849684823016,0.013727318927872309
2,0.044444444444444446,7,0.06287376757717794,0.0136660442704412
1,0.2222222222222222,0,0.03691611443348958,0.013612407769914169
1,,2,0.08420882495555196,0.013907920493901521
1,0.4,0,0.035720058186520125,0.013793366962806806
1,0.28888888888888886,0,0.0376596088572814,0.013917331727149526
1,0.4222222222222222,3,0.08986584774527234,0.014063898509260653
2,0.26666666666666666,1,0.04438338451592048,0.013957235356121067
1,0.35555555555555557,2,0.08511394860190723,0.014107442403252523
1,0.28888888888888886,2,0.06287376757717794,0.014042049390152085
1,0.28888888888888886,2,0.06853079036689833,0.0140891432013251
1,0.13333333333333333,0,0.018167124616130594,0.013929024243336847
1,0.06666666666666667,0,0.029578147729109428,0.01398117753350399
1,0.15555555555555556,3,0.07926297074511071,0.014078979069417257
1,0.13333333333333333,0,0.0331339906255051,0.01402273753952718
1,0.06666666666666667,0,0.03193793437853565,0.014117655473573257
1,0.5111111111111111,3,0.07968320672377566,0.01423287908447523
1,0.5111111111111111,3,0.07774365605301438,0.014285879385634694
1,0.2222222222222222,2,0.0515597219977372,0.014160883150127992
1,0.28888888888888886,3,0.09465007273315017,0.014126110525523265
1,0.13333333333333333,0,0.04315500242443834,0.014220350850775486
1,0.13333333333333333,0,0.04315500242443834,0.014220350850775486
1,0.15555555555555556,0,0.0384354291255859,0.01411688751694022
1,0.1111111111111111,2,0.06158073379667044,0.014185288360186718
1,0.3111111111111111,2,0.08356230806529821,0.014244533955729558
1,0.4444444444444444,2,0.060287700016162925,0.01425623023641018
1,0.1111111111111111,2,0.07354129626636496,0.014162023791597651
1,0.15555555555555556,0,0.01819945046064329,0.014305390754404457
1,0.4,3,0.06794892516566994,0.014395109923204337
1,0.2222222222222222,2,0.06319702602230483,0.014371291974100286
1,0.17777777777777778,3,0.07095522870534993,0.014396724890829694
1,0.26666666666666666,3,0.090835623080653,0.014360356121066105
2,0.1111111111111111,1,0.04606432843058026,0.014418005571450083
1,0.37777777777777777,2,0.06271213835461452,0.014306162475530794
1,0.26666666666666666,2,0.05925327299175691,0.014305834964613764
1,0.26666666666666666,2,0.06057863261677713,0.014306030718265321
1,0.26666666666666666,2,0.059382576369807656,0.014305786026200874
2,0.2,1,0.037950541457895594,0.014312539527179641
1,0.28888888888888886,2,0.06497494747050268,0.014309366059328414
1,0.28888888888888886,3,0.0651365766930661,0.014327661496762536
1,0.28888888888888886,2,0.0577016324551479,0.014375395271796416
1,0.26666666666666666,3,0.15131727816389204,0.014358906791145912
1,0.2222222222222222,2,0.040536609018910624,0.014726776840837223
1,0.5111111111111111,2,0.0667528689187005,0.01456145911760277
1,0.2222222222222222,2,0.050266688217229676,0.014730797319680772
1,0.24444444444444444,3,0.06352028446743171,0.014844786176780604
1,0.15555555555555556,3,0.05996444157103604,0.014724137931034482
1,0.15555555555555556,2,0.06739938580895427,0.01468481026953772
1,0.15555555555555556,0,0.05479230644900597,0.014776355217587713
2,0.26666666666666666,1,0.034782608695652174,0.014703056768558952
1,0.13333333333333333,0,0.039081946015839676,0.014674506851377804
1,0.08888888888888889,0,0.02482624858574431,0.01458706896551724
2,0.08888888888888889,1,0.011831259091643776,0.014577699141695528
2,0.24444444444444444,7,0.06002909326006143,0.014824149224514381
1,0.17777777777777778,0,0.019233877485049303,0.014819767354314109
2,0.1111111111111111,1,0.042379182156133836,0.014756809968378257
1,0.37777777777777777,2,0.06449005980281235,0.014682498870652011
1,,0,0.02637788912235333,0.01468193796115043
1,0.26666666666666666,2,0.06597704865039598,0.014494229031772323
1,0.13333333333333333,0,0.04186196864393083,0.014494187622346033
1,0.26666666666666666,3,0.15442055923711007,0.014738367715705466
1,0.28888888888888886,2,0.07935994827864878,0.014800180695678362
1,0.3111111111111111,2,0.08640698238241475,0.014765972745068514
1,0.24444444444444444,2,0.04089219330855019,0.0148292425839482
1,0.1111111111111111,0,0.024082754161952487,0.014554020478843547
1,0.2,2,0.0689187005010506,0.014696476434271947
1,0.4444444444444444,2,0.05996444157103604,0.014602917482306882
1,0.35555555555555557,2,0.09025375787942462,0.014677917482306882
2,0.26666666666666666,1,0.04745433974462584,0.01474401445565427
2,0.1111111111111111,7,0.08294811701955714,0.014662867038096673
2,0.044444444444444446,7,0.07839017294326815,0.01471589745520253
1,0.1111111111111111,2,0.0683691611443349,0.014643878933895498
1,0.2,2,0.06652658800711168,0.014766789640114441
1,,2,0.0884111847422014,0.01466646589369071
1,0.35555555555555557,0,0.029545821884596736,0.01497537268483662
1,0.4,2,0.06313237433327946,0.014995531546453847
1,0.2222222222222222,2,0.06093421690641669,0.01502769161270893
1,0.13333333333333333,0,0.028285113948601916,0.014926215931335642
1,0.26666666666666666,2,0.06326167771133022,0.014870840234904382
1,0.4666666666666667,2,0.06642961047357362,0.01497990889926216
1,0.28888888888888886,2,0.07354129626636496,0.014935024845655774
1,0.4444444444444444,2,0.06158073379667044,0.014980786026200874
1,0.13333333333333333,2,0.05285275577824472,0.014914922451438037
1,0.4,0,0.04509455309519962,0.01492245143803644
1,0.06666666666666667,0,0.027476967835784717,0.015058274356271646
1,0.06666666666666667,0,0.034782608695652174,0.01505806730914019
1,0.4222222222222222,3,0.10302246646193632,0.015268137328715554
1,0.1111111111111111,2,0.06397284629060934,0.015267041861165486
1,0.26666666666666666,3,0.1584612898011961,0.015232457461225719
1,0.2222222222222222,3,0.06287376757717794,0.015419891582592982
1,0.2222222222222222,0,0.04638758687570713,0.015314805752145761
1,0.13333333333333333,0,0.04635526103119445,0.015260981026953772
1,0.28888888888888886,0,0.048424115080006463,0.015158127541032978
1,0.06666666666666667,0,0.017746888637465656,0.015308116247553079
1,0.13333333333333333,0,0.041538710198803945,0.015296563017617828
1,0.4222222222222222,0,0.019233877485049303,0.015410642222556843
1,0.37777777777777777,0,0.04651689025375788,0.015209637102845957
1,0.4444444444444444,2,0.06895102634556328,0.015247199216985394
1,0.13333333333333333,0,0.036043316631647004,0.015377955127239874
1,0.35555555555555557,2,0.05414578955875223,0.015204788435476586
1,0.3333333333333333,0,0.023468563116211413,0.015367256437283542
1,0.15555555555555556,0,0.026959754323581712,0.015246435024845656
1,0.4,0,0.02343623727169873,0.01518212618581539
2,0.1111111111111111,7,0.08175206077258769,0.015359697334738744
2,0.1111111111111111,1,0.032390496201713276,0.015396773829242583
1,0.6222222222222222,2,0.07017940843704543,0.01521150429152236
1,0.6222222222222222,2,0.07017940843704543,0.015304046830296642
2,0.24444444444444444,7,0.060998868595442055,0.015300749134166541
1,0.35555555555555557,3,0.17051882980442865,0.015415600060231892
1,0.2,2,0.07192500404073057,0.015294737238367715
1,0.35555555555555557,3,0.169549054469048,0.015302665261255835
1,0.28888888888888886,3,0.07095522870534993,0.015329167294082216
1,0.28888888888888886,0,0.045417811540326494,0.015425011293479897
1,,2,0.09229028608372394,0.015366661647342269
1,0.06666666666666667,0,0.03041861968643932,0.015434930733323294
1,0.4,2,0.057604654921609835,0.015495456256587863
1,0.3333333333333333,3,0.116728624535316,0.015503576268634241
1,0.3111111111111111,3,0.116728624535316,0.015479321638307484
1,0.4222222222222222,3,0.09946662356554065,0.015607988254780906
1,0.2222222222222222,2,0.049555519637950546,0.01557131832555338
1,0.4888888888888889,3,0.08517860029093262,0.015487663755458516
1,0.4,3,0.0704703410376596,0.015529980424634843
1,0.2222222222222222,2,0.0577016324551479,0.015490057973196808
1,0.15555555555555556,3,0.07354129626636496,0.015531516337900918
1,0.08888888888888889,0,0.030289316308388558,0.015580176178286402
1,0.3333333333333333,2,0.060126070793599495,0.0154349043818702
2,0.2,1,0.040601260707936,0.015483737388947448
1,0.3111111111111111,2,0.08281881364150638,0.015489756813732871
1,0.4,0,0.024729271052206243,0.015574461677458214
1,0.15555555555555556,3,0.11818328753838694,0.01550263514530944
2,0.26666666666666666,1,0.05088087926297075,0.015621894293028158
1,0.2222222222222222,0,0.042443833845159214,0.015600060231892787
1,0.35555555555555557,3,0.09888475836431226,0.015568366962806807
1,0.2222222222222222,0,0.042443833845159214,0.015600060231892787
1,0.35555555555555557,3,0.09888475836431226,0.015568366962806807
1,0.3111111111111111,0,0.039922417973169554,0.015441763288661346
1,0.1111111111111111,0,0.03193793437853565,0.01571004366812227
1,0.2222222222222222,2,0.05282042993373201,0.01575830070772474
1,0.1111111111111111,2,0.06859544205592372,0.015769029513627467
1,0.15555555555555556,2,0.07454339744625828,0.015788266074386388
1,0.17777777777777778,0,0.025052529497333127,0.015719703357928022
1,0.37777777777777777,2,0.07257152093098432,0.015623272097575667
1,0.13333333333333333,0,0.031485372555358014,0.015622794006926668
1,0.2,0,0.023759495716825604,0.01563552175877127
1,0.37777777777777777,2,0.060126070793599495,0.015623403854841138
1,0.4444444444444444,2,0.06481331824793922,0.01572482306881494
1,0.4444444444444444,2,0.06642961047357362,0.01578759599457913
1,0.2222222222222222,0,0.042508485534184584,0.01572428851076645
1,0.35555555555555557,3,0.12765475998060452,0.015790916277669025
1,0.15555555555555556,2,0.059059317924680776,0.01586915374190634
1,0.4,2,0.061548407952157755,0.016018935401294985
1,0.3333333333333333,3,0.11676095037982867,0.015842467248908296
1,0.4222222222222222,3,0.10673993858089542,0.016124879536214425
1,0.2222222222222222,2,0.05518021658315824,0.01611527631380816
1,0.4,3,0.0758041053822531,0.015906538924860714
1,0.4,2,0.0699854533699693,0.015998923354916428
1,0.5111111111111111,3,0.08582511718118636,0.01593897379912664
1,0.15555555555555556,3,0.07092290286083724,0.016049164282487576
1,0.3111111111111111,0,0.025052529497333127,0.016088525824424032
1,0.2222222222222222,2,0.06481331824793922,0.01582754856196356
1,0.15555555555555556,3,0.06911265556812671,0.016023151633790093
1,0.17777777777777778,0,0.015354776143526757,0.01609641620237916
2,0.1111111111111111,1,0.05518021658315824,0.015848513025146817
1,0.2222222222222222,0,0.045741069985453374,0.01590121969582894
1,,0,0.03287538386940359,0.01581098479144707
1,0.35555555555555557,2,0.06009374494908679,0.015991567535009788
1,0.26666666666666666,2,0.07341199288831422,0.01600027857250414
1,0.26666666666666666,2,0.06678519476321318,0.01600004517391959
1,0.26666666666666666,2,0.06759334087603039,0.015999695076042764
1,0.13333333333333333,0,0.040213350573783745,0.015999823068814936
1,0.37777777777777777,2,0.07548084693712624,0.01599976660141545
2,0.2,1,0.06801357685469533,0.016129122120162626
1,0.4666666666666667,2,0.07017940843704543,0.01616457235356121
1,0.2222222222222222,0,0.045741069985453374,0.01590121969582894
1,0.2222222222222222,2,0.05899466623565541,0.016099393916578827
1,0.24444444444444444,2,0.05188298044286407,0.015966164734226775
1,0.2222222222222222,2,0.08776466785194764,0.016048599608492697
1,0.15555555555555556,3,0.11039275901082916,0.01599909652160819
1,0.15555555555555556,3,0.11226765799256506,0.015926140641469657
1,0.35555555555555557,3,0.13066106352028448,0.016053369221502786
1,0.28888888888888886,2,0.07806691449814127,0.015931335642222558
1,0.2,2,0.04347826086956522,0.015881734678512272
2,0.4222222222222222,7,0.08000646516890254,0.0159004667971691
1,0.35555555555555557,0,0.02036528204299337,0.016142147266977866
2,0.24444444444444444,7,0.05033133990625506,0.016092019274205692
1,0.13333333333333333,2,0.060610958461289804,0.016160969733473876
1,0.35555555555555557,3,0.1329561984806853,0.016024273452793253
1,0.35555555555555557,3,0.13518668175206078,0.016161425237163077
1,,2,0.09552287053499273,0.015950158108718568
1,,2,0.09681590431550025,0.016183556693269086
1,0.4,3,0.07845482463229352,0.016368796115042914
1,0.4888888888888889,3,0.1073218037821238,0.016239259900617378
1,0.1111111111111111,2,0.0616777113302085,0.016275308688450535
1,0.4666666666666667,2,0.06982382414740586,0.016248136575816894
1,0.13333333333333333,2,0.0712784871504768,0.01620839105556392
1,0.2,2,0.07363827379990304,0.01627423957235356
1,0.15555555555555556,2,0.08789397122999838,0.01619334437584701
1,,0,0.03539679974139325,0.016187584701099232
1,0.26666666666666666,3,0.16676903184095684,0.01624830597801536
1,0.4444444444444444,2,0.06772264425408113,0.016278000301159463
1,0.28888888888888886,2,0.0876030386293842,0.016203621442553832
1,0.15555555555555556,2,0.05000808146112818,0.016308187772925763
1,0.35555555555555557,3,0.15047680620656215,0.016370275560909503
2,0.24444444444444444,7,0.05320834006788428,0.01637083647041108
1,0.13333333333333333,2,0.05640859867464037,0.01618732118656829
1,0.2222222222222222,2,0.05841280103442703,0.01639736861918386
1,0.2222222222222222,0,0.05653790205269114,0.016543837524469206
1,0.4,3,0.0798771617908518,0.016439549766601416
1,0.1111111111111111,2,0.07153709390657831,0.016519771118807407
1,0.3333333333333333,0,0.06158073379667044,0.016445365908748684
1,0.26666666666666666,3,0.16887021173428157,0.016505232645685892
1,0.15555555555555556,3,0.11782770324874738,0.016432389700346335
1,0.13333333333333333,0,0.04186196864393083,0.01656377051648848
1,0.2222222222222222,2,0.06141910457410701,0.01650688149375094
1,0.28888888888888886,0,0.055794407628899305,0.016428854841138384
1,0.08888888888888889,3,0.07900436398900922,0.01671477563619937
1,0.4222222222222222,0,0.025052529497333127,0.016632288059027254
1,0.13333333333333333,0,0.04186196864393083,0.01656377051648848
1,0.2222222222222222,2,0.06141910457410701,0.01650688149375094
1,0.28888888888888886,0,0.055794407628899305,0.016428854841138384
1,0.08888888888888889,3,0.07900436398900922,0.01671477563619937
1,0.4222222222222222,0,0.025052529497333127,0.016632288059027254
1,0.37777777777777777,2,0.07376757717795378,0.016594217738292425
1,0.1111111111111111,2,0.06545983513819299,0.016475982532751093
1,0.26666666666666666,2,0.06975917245838048,0.016375877126938714
1,0.3111111111111111,3,0.10337805075157588,0.01646067233850324
1,0.26666666666666666,2,0.07777598189752706,0.016564756813732873
1,0.26666666666666666,2,0.06659123969613708,0.016376076645083573
2,0.15555555555555556,1,0.024729271052206243,0.016375545851528384
1,0.28888888888888886,2,0.08307742039760788,0.01643901520855293
1,0.2222222222222222,2,0.05317601422337158,0.01644863348893239
1,0.2222222222222222,3,0.12448682721836109,0.016471615720524017
1,0.2222222222222222,3,0.12826895102634558,0.016634919439843396
1,0.15555555555555556,3,0.12451915306287377,0.016476584851678962
1,0.08888888888888889,3,0.08181671246161305,0.016730010540581236
1,0.4444444444444444,2,0.06869241958946178,0.016472718717060682
1,0.15555555555555556,2,0.06387586875707128,0.01659254253877428
1,0.15555555555555556,2,0.06765799256505577,0.01638386161722632
2,0.08888888888888889,7,0.07279780184257313,0.01660137780454751
2,0.24444444444444444,1,0.045741069985453374,0.016501091703056768
1,0.13333333333333333,2,0.06869241958946178,0.01669364553531095
1,0.35555555555555557,3,0.15112332309681592,0.016456106008131306
1,0.35555555555555557,3,0.1514465815419428,0.01673505496160217
1,0.3333333333333333,3,0.10337805075157588,0.01676802815840988
1,0.24444444444444444,2,0.049264587037336355,0.016788431712091552
